/*
SQLyog 
MySQL - 5.7.25-log : Database - gmall-2020-04
*********************************************************************
*/


/*!40101 SET NAMES utf8 */;

/*!40101 SET SQL_MODE=''*/;

/*!40014 SET @OLD_UNIQUE_CHECKS=@@UNIQUE_CHECKS, UNIQUE_CHECKS=0 */;
/*!40101 SET @OLD_SQL_MODE=@@SQL_MODE, SQL_MODE='NO_AUTO_VALUE_ON_ZERO' */;
/*!40111 SET @OLD_SQL_NOTES=@@SQL_NOTES, SQL_NOTES=0 */;
/*Table structure for table `activity_info` */

CREATE TABLE IF NOT EXISTS `activity_info` (
  `id` bigint(20) NOT NULL AUTO_INCREMENT COMMENT '活动id',
  `activity_name` varchar(200) DEFAULT NULL COMMENT '活动名称',
  `activity_type` varchar(10) DEFAULT NULL COMMENT '活动类型',
  `activity_desc` varchar(2000) DEFAULT NULL COMMENT '活动描述',
  `start_time` datetime DEFAULT NULL COMMENT '开始时间',
  `end_time` datetime DEFAULT NULL COMMENT '结束时间',
  `create_time` datetime DEFAULT NULL COMMENT '创建时间',
  PRIMARY KEY (`id`)
) ENGINE=InnoDB AUTO_INCREMENT=3 DEFAULT CHARSET=utf8 COMMENT='活动表';

/*Data for the table `activity_info` */

insert  into `activity_info`(`id`,`activity_name`,`activity_type`,`activity_desc`,`start_time`,`end_time`,`create_time`) values 

(1,'联想品牌优惠活动','2201','满减活动 ','2020-02-27 17:11:09','2020-02-29 17:11:12','2020-02-27 17:11:16'),

(2,'女生节优惠活动','2201','满减活动 ','2020-03-08 18:08:55','2020-03-08 18:09:04','2020-04-01 18:09:11');

/*Table structure for table `activity_order` */

CREATE TABLE IF NOT EXISTS `activity_order` (
  `id` bigint(20) NOT NULL AUTO_INCREMENT COMMENT '编号',
  `activity_id` bigint(20) DEFAULT NULL COMMENT '活动id ',
  `order_id` bigint(20) DEFAULT NULL COMMENT '订单编号',
  `create_time` datetime DEFAULT NULL COMMENT '发生日期',
  PRIMARY KEY (`id`)
) ENGINE=InnoDB AUTO_INCREMENT=318 DEFAULT CHARSET=utf8 COMMENT='活动与订单关联表';

/*Data for the table `activity_order` */

insert  into `activity_order`(`id`,`activity_id`,`order_id`,`create_time`) values 

(311,1,3422,'2020-04-24 19:06:10'),

(312,1,3425,'2020-04-24 19:06:10'),

(313,1,3427,'2020-04-24 19:06:10'),

(314,2,3430,'2020-04-24 19:06:10'),

(315,2,3431,'2020-04-24 19:06:10'),

(316,1,3434,'2020-04-24 19:06:10'),

(317,2,3439,'2020-04-24 19:06:10');

/*Table structure for table `activity_rule` */

CREATE TABLE IF NOT EXISTS `activity_rule` (
  `id` int(11) NOT NULL COMMENT '编号',
  `activity_id` int(11) DEFAULT NULL COMMENT '类型',
  `condition_amount` decimal(16,2) DEFAULT NULL COMMENT '满减金额',
  `condition_num` bigint(20) DEFAULT NULL COMMENT '满减件数',
  `benefit_amount` decimal(16,2) DEFAULT NULL COMMENT '优惠金额',
  `benefit_discount` bigint(20) DEFAULT NULL COMMENT '优惠折扣',
  `benefit_level` bigint(20) DEFAULT NULL COMMENT '优惠级别',
  PRIMARY KEY (`id`)
) ENGINE=InnoDB DEFAULT CHARSET=utf8 COMMENT='优惠规则';

/*Data for the table `activity_rule` */

insert  into `activity_rule`(`id`,`activity_id`,`condition_amount`,`condition_num`,`benefit_amount`,`benefit_discount`,`benefit_level`) values 

(1,1,100.00,0,5.00,NULL,1),

(2,1,200.00,0,15.00,NULL,2),

(3,1,300.00,0,45.00,NULL,3),

(4,1,NULL,NULL,9.00,2,1);

/*Table structure for table `activity_sku` */

CREATE TABLE IF NOT EXISTS `activity_sku` (
  `id` bigint(20) NOT NULL AUTO_INCREMENT COMMENT '编号',
  `activity_id` bigint(20) DEFAULT NULL COMMENT '活动id ',
  `sku_id` bigint(20) DEFAULT NULL COMMENT 'sku_id',
  `create_time` datetime DEFAULT NULL COMMENT '创建时间',
  PRIMARY KEY (`id`)
) ENGINE=InnoDB AUTO_INCREMENT=7 DEFAULT CHARSET=utf8 COMMENT='活动参与商品';

/*Data for the table `activity_sku` */

insert  into `activity_sku`(`id`,`activity_id`,`sku_id`,`create_time`) values 

(1,1,11,'2020-02-27 17:12:47'),

(2,1,12,'2020-02-27 17:12:52'),

(3,1,13,'2020-02-27 17:12:54'),

(4,2,14,'2020-04-01 18:38:22'),

(5,2,15,'2020-04-01 18:38:17'),

(6,2,16,'2020-04-01 18:38:25');

/*Table structure for table `base_category1` */

CREATE TABLE IF NOT EXISTS `base_category1` (
  `id` bigint(20) NOT NULL AUTO_INCREMENT COMMENT '编号',
  `name` varchar(10) NOT NULL COMMENT '分类名称',
  PRIMARY KEY (`id`)
) ENGINE=InnoDB AUTO_INCREMENT=19 DEFAULT CHARSET=utf8 COMMENT='一级分类表';

/*Data for the table `base_category1` */

insert  into `base_category1`(`id`,`name`) values 

(1,'图书、音像、电子书刊'),

(2,'手机'),

(3,'家用电器'),

(4,'数码'),

(5,'家居家装'),

(6,'电脑办公'),

(7,'厨具'),

(8,'个护化妆'),

(9,'服饰内衣'),

(10,'钟表'),

(11,'鞋靴'),

(12,'母婴'),

(13,'礼品箱包'),

(14,'食品饮料、保健食品'),

(15,'珠宝'),

(16,'汽车用品'),

(17,'运动健康'),

(18,'玩具乐器');

/*Table structure for table `base_category2` */

CREATE TABLE IF NOT EXISTS `base_category2` (
  `id` bigint(20) NOT NULL AUTO_INCREMENT COMMENT '编号',
  `name` varchar(200) NOT NULL COMMENT '二级分类名称',
  `category1_id` bigint(20) DEFAULT NULL COMMENT '一级分类编号',
  PRIMARY KEY (`id`)
) ENGINE=InnoDB AUTO_INCREMENT=126 DEFAULT CHARSET=utf8 COMMENT='二级分类表';

/*Data for the table `base_category2` */

insert  into `base_category2`(`id`,`name`,`category1_id`) values 

(1,'电子书刊',1),

(2,'音像',1),

(3,'英文原版',1),

(4,'文艺',1),

(5,'少儿',1),

(6,'人文社科',1),

(7,'经管励志',1),

(8,'生活',1),

(9,'科技',1),

(10,'教育',1),

(11,'港台图书',1),

(12,'其他',1),

(13,'手机通讯',2),

(14,'运营商',2),

(15,'手机配件',2),

(16,'大 家 电',3),

(17,'厨卫大电',3),

(18,'厨房小电',3),

(19,'生活电器',3),

(20,'个护健康',3),

(21,'五金家装',3),

(22,'摄影摄像',4),

(23,'数码配件',4),

(24,'智能设备',4),

(25,'影音娱乐',4),

(26,'电子教育',4),

(27,'虚拟商品',4),

(28,'家纺',5),

(29,'灯具',5),

(30,'生活日用',5),

(31,'家装软饰',5),

(32,'宠物生活',5),

(33,'电脑整机',6),

(34,'电脑配件',6),

(35,'外设产品',6),

(36,'游戏设备',6),

(37,'网络产品',6),

(38,'办公设备',6),

(39,'文具/耗材',6),

(40,'服务产品',6),

(41,'烹饪锅具',7),

(42,'刀剪菜板',7),

(43,'厨房配件',7),

(44,'水具酒具',7),

(45,'餐具',7),

(46,'酒店用品',7),

(47,'茶具/咖啡具',7),

(48,'清洁用品',8),

(49,'面部护肤',8),

(50,'身体护理',8),

(51,'口腔护理',8),

(52,'女性护理',8),

(53,'洗发护发',8),

(54,'香水彩妆',8),

(55,'女装',9),

(56,'男装',9),

(57,'内衣',9),

(58,'洗衣服务',9),

(59,'服饰配件',9),

(60,'钟表',10),

(61,'流行男鞋',11),

(62,'时尚女鞋',11),

(63,'奶粉',12),

(64,'营养辅食',12),

(65,'尿裤湿巾',12),

(66,'喂养用品',12),

(67,'洗护用品',12),

(68,'童车童床',12),

(69,'寝居服饰',12),

(70,'妈妈专区',12),

(71,'童装童鞋',12),

(72,'安全座椅',12),

(73,'潮流女包',13),

(74,'精品男包',13),

(75,'功能箱包',13),

(76,'礼品',13),

(77,'奢侈品',13),

(78,'婚庆',13),

(79,'进口食品',14),

(80,'地方特产',14),

(81,'休闲食品',14),

(82,'粮油调味',14),

(83,'饮料冲调',14),

(84,'食品礼券',14),

(85,'茗茶',14),

(86,'时尚饰品',15),

(87,'黄金',15),

(88,'K金饰品',15),

(89,'金银投资',15),

(90,'银饰',15),

(91,'钻石',15),

(92,'翡翠玉石',15),

(93,'水晶玛瑙',15),

(94,'彩宝',15),

(95,'铂金',15),

(96,'木手串/把件',15),

(97,'珍珠',15),

(98,'维修保养',16),

(99,'车载电器',16),

(100,'美容清洗',16),

(101,'汽车装饰',16),

(102,'安全自驾',16),

(103,'汽车服务',16),

(104,'赛事改装',16),

(105,'运动鞋包',17),

(106,'运动服饰',17),

(107,'骑行运动',17),

(108,'垂钓用品',17),

(109,'游泳用品',17),

(110,'户外鞋服',17),

(111,'户外装备',17),

(112,'健身训练',17),

(113,'体育用品',17),

(114,'适用年龄',18),

(115,'遥控/电动',18),

(116,'毛绒布艺',18),

(117,'娃娃玩具',18),

(118,'模型玩具',18),

(119,'健身玩具',18),

(120,'动漫玩具',18),

(121,'益智玩具',18),

(122,'积木拼插',18),

(123,'DIY玩具',18),

(124,'创意减压',18),

(125,'乐器',18);

/*Table structure for table `base_category3` */

CREATE TABLE IF NOT EXISTS `base_category3` (
  `id` bigint(20) NOT NULL AUTO_INCREMENT COMMENT '编号',
  `name` varchar(200) NOT NULL COMMENT '三级分类名称',
  `category2_id` bigint(20) DEFAULT NULL COMMENT '二级分类编号',
  PRIMARY KEY (`id`)
) ENGINE=InnoDB AUTO_INCREMENT=1150 DEFAULT CHARSET=utf8 COMMENT='三级分类表';

/*Data for the table `base_category3` */

insert  into `base_category3`(`id`,`name`,`category2_id`) values 

(1,'电子书',1),

(2,'网络原创',1),

(3,'数字杂志',1),

(4,'多媒体图书',1),

(5,'音乐',2),

(6,'影视',2),

(7,'教育音像',2),

(8,'少儿',3),

(9,'商务投资',3),

(10,'英语学习与考试',3),

(11,'文学',3),

(12,'传记',3),

(13,'励志',3),

(14,'小说',4),

(15,'文学',4),

(16,'青春文学',4),

(17,'传记',4),

(18,'艺术',4),

(19,'少儿',5),

(20,'0-2岁',5),

(21,'3-6岁',5),

(22,'7-10岁',5),

(23,'11-14岁',5),

(24,'历史',6),

(25,'哲学',6),

(26,'国学',6),

(27,'政治/军事',6),

(28,'法律',6),

(29,'人文社科',6),

(30,'心理学',6),

(31,'文化',6),

(32,'社会科学',6),

(33,'经济',7),

(34,'金融与投资',7),

(35,'管理',7),

(36,'励志与成功',7),

(37,'生活',8),

(38,'健身与保健',8),

(39,'家庭与育儿',8),

(40,'旅游',8),

(41,'烹饪美食',8),

(42,'工业技术',9),

(43,'科普读物',9),

(44,'建筑',9),

(45,'医学',9),

(46,'科学与自然',9),

(47,'计算机与互联网',9),

(48,'电子通信',9),

(49,'中小学教辅',10),

(50,'教育与考试',10),

(51,'外语学习',10),

(52,'大中专教材',10),

(53,'字典词典',10),

(54,'艺术/设计/收藏',11),

(55,'经济管理',11),

(56,'文化/学术',11),

(57,'少儿',11),

(58,'工具书',12),

(59,'杂志/期刊',12),

(60,'套装书',12),

(61,'手机',13),

(62,'对讲机',13),

(63,'合约机',14),

(64,'选号中心',14),

(65,'装宽带',14),

(66,'办套餐',14),

(67,'移动电源',15),

(68,'电池/移动电源',15),

(69,'蓝牙耳机',15),

(70,'充电器/数据线',15),

(71,'苹果周边',15),

(72,'手机耳机',15),

(73,'手机贴膜',15),

(74,'手机存储卡',15),

(75,'充电器',15),

(76,'数据线',15),

(77,'手机保护套',15),

(78,'车载配件',15),

(79,'iPhone 配件',15),

(80,'手机电池',15),

(81,'创意配件',15),

(82,'便携/无线音响',15),

(83,'手机饰品',15),

(84,'拍照配件',15),

(85,'手机支架',15),

(86,'平板电视',16),

(87,'空调',16),

(88,'冰箱',16),

(89,'洗衣机',16),

(90,'家庭影院',16),

(91,'DVD/电视盒子',16),

(92,'迷你音响',16),

(93,'冷柜/冰吧',16),

(94,'家电配件',16),

(95,'功放',16),

(96,'回音壁/Soundbar',16),

(97,'Hi-Fi专区',16),

(98,'电视盒子',16),

(99,'酒柜',16),

(100,'燃气灶',17),

(101,'油烟机',17),

(102,'热水器',17),

(103,'消毒柜',17),

(104,'洗碗机',17),

(105,'料理机',18),

(106,'榨汁机',18),

(107,'电饭煲',18),

(108,'电压力锅',18),

(109,'豆浆机',18),

(110,'咖啡机',18),

(111,'微波炉',18),

(112,'电烤箱',18),

(113,'电磁炉',18),

(114,'面包机',18),

(115,'煮蛋器',18),

(116,'酸奶机',18),

(117,'电炖锅',18),

(118,'电水壶/热水瓶',18),

(119,'电饼铛',18),

(120,'多用途锅',18),

(121,'电烧烤炉',18),

(122,'果蔬解毒机',18),

(123,'其它厨房电器',18),

(124,'养生壶/煎药壶',18),

(125,'电热饭盒',18),

(126,'取暖电器',19),

(127,'净化器',19),

(128,'加湿器',19),

(129,'扫地机器人',19),

(130,'吸尘器',19),

(131,'挂烫机/熨斗',19),

(132,'插座',19),

(133,'电话机',19),

(134,'清洁机',19),

(135,'除湿机',19),

(136,'干衣机',19),

(137,'收录/音机',19),

(138,'电风扇',19),

(139,'冷风扇',19),

(140,'其它生活电器',19),

(141,'生活电器配件',19),

(142,'净水器',19),

(143,'饮水机',19),

(144,'剃须刀',20),

(145,'剃/脱毛器',20),

(146,'口腔护理',20),

(147,'电吹风',20),

(148,'美容器',20),

(149,'理发器',20),

(150,'卷/直发器',20),

(151,'按摩椅',20),

(152,'按摩器',20),

(153,'足浴盆',20),

(154,'血压计',20),

(155,'电子秤/厨房秤',20),

(156,'血糖仪',20),

(157,'体温计',20),

(158,'其它健康电器',20),

(159,'计步器/脂肪检测仪',20),

(160,'电动工具',21),

(161,'手动工具',21),

(162,'仪器仪表',21),

(163,'浴霸/排气扇',21),

(164,'灯具',21),

(165,'LED灯',21),

(166,'洁身器',21),

(167,'水槽',21),

(168,'龙头',21),

(169,'淋浴花洒',21),

(170,'厨卫五金',21),

(171,'家具五金',21),

(172,'门铃',21),

(173,'电气开关',21),

(174,'插座',21),

(175,'电工电料',21),

(176,'监控安防',21),

(177,'电线/线缆',21),

(178,'数码相机',22),

(179,'单电/微单相机',22),

(180,'单反相机',22),

(181,'摄像机',22),

(182,'拍立得',22),

(183,'运动相机',22),

(184,'镜头',22),

(185,'户外器材',22),

(186,'影棚器材',22),

(187,'冲印服务',22),

(188,'数码相框',22),

(189,'存储卡',23),

(190,'读卡器',23),

(191,'滤镜',23),

(192,'闪光灯/手柄',23),

(193,'相机包',23),

(194,'三脚架/云台',23),

(195,'相机清洁/贴膜',23),

(196,'机身附件',23),

(197,'镜头附件',23),

(198,'电池/充电器',23),

(199,'移动电源',23),

(200,'数码支架',23),

(201,'智能手环',24),

(202,'智能手表',24),

(203,'智能眼镜',24),

(204,'运动跟踪器',24),

(205,'健康监测',24),

(206,'智能配饰',24),

(207,'智能家居',24),

(208,'体感车',24),

(209,'其他配件',24),

(210,'智能机器人',24),

(211,'无人机',24),

(212,'MP3/MP4',25),

(213,'智能设备',25),

(214,'耳机/耳麦',25),

(215,'便携/无线音箱',25),

(216,'音箱/音响',25),

(217,'高清播放器',25),

(218,'收音机',25),

(219,'MP3/MP4配件',25),

(220,'麦克风',25),

(221,'专业音频',25),

(222,'苹果配件',25),

(223,'学生平板',26),

(224,'点读机/笔',26),

(225,'早教益智',26),

(226,'录音笔',26),

(227,'电纸书',26),

(228,'电子词典',26),

(229,'复读机',26),

(230,'延保服务',27),

(231,'杀毒软件',27),

(232,'积分商品',27),

(233,'桌布/罩件',28),

(234,'地毯地垫',28),

(235,'沙发垫套/椅垫',28),

(236,'床品套件',28),

(237,'被子',28),

(238,'枕芯',28),

(239,'床单被罩',28),

(240,'毯子',28),

(241,'床垫/床褥',28),

(242,'蚊帐',28),

(243,'抱枕靠垫',28),

(244,'毛巾浴巾',28),

(245,'电热毯',28),

(246,'窗帘/窗纱',28),

(247,'布艺软饰',28),

(248,'凉席',28),

(249,'台灯',29),

(250,'节能灯',29),

(251,'装饰灯',29),

(252,'落地灯',29),

(253,'应急灯/手电',29),

(254,'LED灯',29),

(255,'吸顶灯',29),

(256,'五金电器',29),

(257,'筒灯射灯',29),

(258,'吊灯',29),

(259,'氛围照明',29),

(260,'保暖防护',30),

(261,'收纳用品',30),

(262,'雨伞雨具',30),

(263,'浴室用品',30),

(264,'缝纫/针织用品',30),

(265,'洗晒/熨烫',30),

(266,'净化除味',30),

(267,'相框/照片墙',31),

(268,'装饰字画',31),

(269,'节庆饰品',31),

(270,'手工/十字绣',31),

(271,'装饰摆件',31),

(272,'帘艺隔断',31),

(273,'墙贴/装饰贴',31),

(274,'钟饰',31),

(275,'花瓶花艺',31),

(276,'香薰蜡烛',31),

(277,'创意家居',31),

(278,'宠物主粮',32),

(279,'宠物零食',32),

(280,'医疗保健',32),

(281,'家居日用',32),

(282,'宠物玩具',32),

(283,'出行装备',32),

(284,'洗护美容',32),

(285,'笔记本',33),

(286,'超极本',33),

(287,'游戏本',33),

(288,'平板电脑',33),

(289,'平板电脑配件',33),

(290,'台式机',33),

(291,'服务器/工作站',33),

(292,'笔记本配件',33),

(293,'一体机',33),

(294,'CPU',34),

(295,'主板',34),

(296,'显卡',34),

(297,'硬盘',34),

(298,'SSD固态硬盘',34),

(299,'内存',34),

(300,'机箱',34),

(301,'电源',34),

(302,'显示器',34),

(303,'刻录机/光驱',34),

(304,'散热器',34),

(305,'声卡/扩展卡',34),

(306,'装机配件',34),

(307,'组装电脑',34),

(308,'移动硬盘',35),

(309,'U盘',35),

(310,'鼠标',35),

(311,'键盘',35),

(312,'鼠标垫',35),

(313,'摄像头',35),

(314,'手写板',35),

(315,'硬盘盒',35),

(316,'插座',35),

(317,'线缆',35),

(318,'UPS电源',35),

(319,'电脑工具',35),

(320,'游戏设备',35),

(321,'电玩',35),

(322,'电脑清洁',35),

(323,'网络仪表仪器',35),

(324,'游戏机',36),

(325,'游戏耳机',36),

(326,'手柄/方向盘',36),

(327,'游戏软件',36),

(328,'游戏周边',36),

(329,'路由器',37),

(330,'网卡',37),

(331,'交换机',37),

(332,'网络存储',37),

(333,'4G/3G上网',37),

(334,'网络盒子',37),

(335,'网络配件',37),

(336,'投影机',38),

(337,'投影配件',38),

(338,'多功能一体机',38),

(339,'打印机',38),

(340,'传真设备',38),

(341,'验钞/点钞机',38),

(342,'扫描设备',38),

(343,'复合机',38),

(344,'碎纸机',38),

(345,'考勤机',38),

(346,'收款/POS机',38),

(347,'会议音频视频',38),

(348,'保险柜',38),

(349,'装订/封装机',38),

(350,'安防监控',38),

(351,'办公家具',38),

(352,'白板',38),

(353,'硒鼓/墨粉',39),

(354,'墨盒',39),

(355,'色带',39),

(356,'纸类',39),

(357,'办公文具',39),

(358,'学生文具',39),

(359,'财会用品',39),

(360,'文件管理',39),

(361,'本册/便签',39),

(362,'计算器',39),

(363,'笔类',39),

(364,'画具画材',39),

(365,'刻录碟片/附件',39),

(366,'上门安装',40),

(367,'延保服务',40),

(368,'维修保养',40),

(369,'电脑软件',40),

(370,'京东服务',40),

(371,'炒锅',41),

(372,'煎锅',41),

(373,'压力锅',41),

(374,'蒸锅',41),

(375,'汤锅',41),

(376,'奶锅',41),

(377,'锅具套装',41),

(378,'煲类',41),

(379,'水壶',41),

(380,'火锅',41),

(381,'菜刀',42),

(382,'剪刀',42),

(383,'刀具套装',42),

(384,'砧板',42),

(385,'瓜果刀/刨',42),

(386,'多功能刀',42),

(387,'保鲜盒',43),

(388,'烘焙/烧烤',43),

(389,'饭盒/提锅',43),

(390,'储物/置物架',43),

(391,'厨房DIY/小工具',43),

(392,'塑料杯',44),

(393,'运动水壶',44),

(394,'玻璃杯',44),

(395,'陶瓷/马克杯',44),

(396,'保温杯',44),

(397,'保温壶',44),

(398,'酒杯/酒具',44),

(399,'杯具套装',44),

(400,'餐具套装',45),

(401,'碗/碟/盘',45),

(402,'筷勺/刀叉',45),

(403,'一次性用品',45),

(404,'果盘/果篮',45),

(405,'自助餐炉',46),

(406,'酒店餐具',46),

(407,'酒店水具',46),

(408,'整套茶具',47),

(409,'茶杯',47),

(410,'茶壶',47),

(411,'茶盘茶托',47),

(412,'茶叶罐',47),

(413,'茶具配件',47),

(414,'茶宠摆件',47),

(415,'咖啡具',47),

(416,'其他',47),

(417,'纸品湿巾',48),

(418,'衣物清洁',48),

(419,'清洁工具',48),

(420,'驱虫用品',48),

(421,'家庭清洁',48),

(422,'皮具护理',48),

(423,'一次性用品',48),

(424,'洁面',49),

(425,'乳液面霜',49),

(426,'面膜',49),

(427,'剃须',49),

(428,'套装',49),

(429,'精华',49),

(430,'眼霜',49),

(431,'卸妆',49),

(432,'防晒',49),

(433,'防晒隔离',49),

(434,'T区护理',49),

(435,'眼部护理',49),

(436,'精华露',49),

(437,'爽肤水',49),

(438,'沐浴',50),

(439,'润肤',50),

(440,'颈部',50),

(441,'手足',50),

(442,'纤体塑形',50),

(443,'美胸',50),

(444,'套装',50),

(445,'精油',50),

(446,'洗发护发',50),

(447,'染发/造型',50),

(448,'香薰精油',50),

(449,'磨砂/浴盐',50),

(450,'手工/香皂',50),

(451,'洗发',50),

(452,'护发',50),

(453,'染发',50),

(454,'磨砂膏',50),

(455,'香皂',50),

(456,'牙膏/牙粉',51),

(457,'牙刷/牙线',51),

(458,'漱口水',51),

(459,'套装',51),

(460,'卫生巾',52),

(461,'卫生护垫',52),

(462,'私密护理',52),

(463,'脱毛膏',52),

(464,'其他',52),

(465,'洗发',53),

(466,'护发',53),

(467,'染发',53),

(468,'造型',53),

(469,'假发',53),

(470,'套装',53),

(471,'美发工具',53),

(472,'脸部护理',53),

(473,'香水',54),

(474,'底妆',54),

(475,'腮红',54),

(476,'眼影',54),

(477,'唇部',54),

(478,'美甲',54),

(479,'眼线',54),

(480,'美妆工具',54),

(481,'套装',54),

(482,'防晒隔离',54),

(483,'卸妆',54),

(484,'眉笔',54),

(485,'睫毛膏',54),

(486,'T恤',55),

(487,'衬衫',55),

(488,'针织衫',55),

(489,'雪纺衫',55),

(490,'卫衣',55),

(491,'马甲',55),

(492,'连衣裙',55),

(493,'半身裙',55),

(494,'牛仔裤',55),

(495,'休闲裤',55),

(496,'打底裤',55),

(497,'正装裤',55),

(498,'小西装',55),

(499,'短外套',55),

(500,'风衣',55),

(501,'毛呢大衣',55),

(502,'真皮皮衣',55),

(503,'棉服',55),

(504,'羽绒服',55),

(505,'大码女装',55),

(506,'中老年女装',55),

(507,'婚纱',55),

(508,'打底衫',55),

(509,'旗袍/唐装',55),

(510,'加绒裤',55),

(511,'吊带/背心',55),

(512,'羊绒衫',55),

(513,'短裤',55),

(514,'皮草',55),

(515,'礼服',55),

(516,'仿皮皮衣',55),

(517,'羊毛衫',55),

(518,'设计师/潮牌',55),

(519,'衬衫',56),

(520,'T恤',56),

(521,'POLO衫',56),

(522,'针织衫',56),

(523,'羊绒衫',56),

(524,'卫衣',56),

(525,'马甲/背心',56),

(526,'夹克',56),

(527,'风衣',56),

(528,'毛呢大衣',56),

(529,'仿皮皮衣',56),

(530,'西服',56),

(531,'棉服',56),

(532,'羽绒服',56),

(533,'牛仔裤',56),

(534,'休闲裤',56),

(535,'西裤',56),

(536,'西服套装',56),

(537,'大码男装',56),

(538,'中老年男装',56),

(539,'唐装/中山装',56),

(540,'工装',56),

(541,'真皮皮衣',56),

(542,'加绒裤',56),

(543,'卫裤/运动裤',56),

(544,'短裤',56),

(545,'设计师/潮牌',56),

(546,'羊毛衫',56),

(547,'文胸',57),

(548,'女式内裤',57),

(549,'男式内裤',57),

(550,'睡衣/家居服',57),

(551,'塑身美体',57),

(552,'泳衣',57),

(553,'吊带/背心',57),

(554,'抹胸',57),

(555,'连裤袜/丝袜',57),

(556,'美腿袜',57),

(557,'商务男袜',57),

(558,'保暖内衣',57),

(559,'情侣睡衣',57),

(560,'文胸套装',57),

(561,'少女文胸',57),

(562,'休闲棉袜',57),

(563,'大码内衣',57),

(564,'内衣配件',57),

(565,'打底裤袜',57),

(566,'打底衫',57),

(567,'秋衣秋裤',57),

(568,'情趣内衣',57),

(569,'服装洗护',58),

(570,'太阳镜',59),

(571,'光学镜架/镜片',59),

(572,'围巾/手套/帽子套装',59),

(573,'袖扣',59),

(574,'棒球帽',59),

(575,'毛线帽',59),

(576,'遮阳帽',59),

(577,'老花镜',59),

(578,'装饰眼镜',59),

(579,'防辐射眼镜',59),

(580,'游泳镜',59),

(581,'女士丝巾/围巾/披肩',59),

(582,'男士丝巾/围巾',59),

(583,'鸭舌帽',59),

(584,'贝雷帽',59),

(585,'礼帽',59),

(586,'真皮手套',59),

(587,'毛线手套',59),

(588,'防晒手套',59),

(589,'男士腰带/礼盒',59),

(590,'女士腰带/礼盒',59),

(591,'钥匙扣',59),

(592,'遮阳伞/雨伞',59),

(593,'口罩',59),

(594,'耳罩/耳包',59),

(595,'假领',59),

(596,'毛线/布面料',59),

(597,'领带/领结/领带夹',59),

(598,'男表',60),

(599,'瑞表',60),

(600,'女表',60),

(601,'国表',60),

(602,'日韩表',60),

(603,'欧美表',60),

(604,'德表',60),

(605,'儿童手表',60),

(606,'智能手表',60),

(607,'闹钟',60),

(608,'座钟挂钟',60),

(609,'钟表配件',60),

(610,'商务休闲鞋',61),

(611,'正装鞋',61),

(612,'休闲鞋',61),

(613,'凉鞋/沙滩鞋',61),

(614,'男靴',61),

(615,'功能鞋',61),

(616,'拖鞋/人字拖',61),

(617,'雨鞋/雨靴',61),

(618,'传统布鞋',61),

(619,'鞋配件',61),

(620,'帆布鞋',61),

(621,'增高鞋',61),

(622,'工装鞋',61),

(623,'定制鞋',61),

(624,'高跟鞋',62),

(625,'单鞋',62),

(626,'休闲鞋',62),

(627,'凉鞋',62),

(628,'女靴',62),

(629,'雪地靴',62),

(630,'拖鞋/人字拖',62),

(631,'踝靴',62),

(632,'筒靴',62),

(633,'帆布鞋',62),

(634,'雨鞋/雨靴',62),

(635,'妈妈鞋',62),

(636,'鞋配件',62),

(637,'特色鞋',62),

(638,'鱼嘴鞋',62),

(639,'布鞋/绣花鞋',62),

(640,'马丁靴',62),

(641,'坡跟鞋',62),

(642,'松糕鞋',62),

(643,'内增高',62),

(644,'防水台',62),

(645,'婴幼奶粉',63),

(646,'孕妈奶粉',63),

(647,'益生菌/初乳',64),

(648,'米粉/菜粉',64),

(649,'果泥/果汁',64),

(650,'DHA',64),

(651,'宝宝零食',64),

(652,'钙铁锌/维生素',64),

(653,'清火/开胃',64),

(654,'面条/粥',64),

(655,'婴儿尿裤',65),

(656,'拉拉裤',65),

(657,'婴儿湿巾',65),

(658,'成人尿裤',65),

(659,'奶瓶奶嘴',66),

(660,'吸奶器',66),

(661,'暖奶消毒',66),

(662,'儿童餐具',66),

(663,'水壶/水杯',66),

(664,'牙胶安抚',66),

(665,'围兜/防溅衣',66),

(666,'辅食料理机',66),

(667,'食物存储',66),

(668,'宝宝护肤',67),

(669,'洗发沐浴',67),

(670,'奶瓶清洗',67),

(671,'驱蚊防晒',67),

(672,'理发器',67),

(673,'洗澡用具',67),

(674,'婴儿口腔清洁',67),

(675,'洗衣液/皂',67),

(676,'日常护理',67),

(677,'座便器',67),

(678,'婴儿推车',68),

(679,'餐椅摇椅',68),

(680,'婴儿床',68),

(681,'学步车',68),

(682,'三轮车',68),

(683,'自行车',68),

(684,'电动车',68),

(685,'扭扭车',68),

(686,'滑板车',68),

(687,'婴儿床垫',68),

(688,'婴儿外出服',69),

(689,'婴儿内衣',69),

(690,'婴儿礼盒',69),

(691,'婴儿鞋帽袜',69),

(692,'安全防护',69),

(693,'家居床品',69),

(694,'睡袋/抱被',69),

(695,'爬行垫',69),

(696,'妈咪包/背婴带',70),

(697,'产后塑身',70),

(698,'文胸/内裤',70),

(699,'防辐射服',70),

(700,'孕妈装',70),

(701,'孕期营养',70),

(702,'孕妇护肤',70),

(703,'待产护理',70),

(704,'月子装',70),

(705,'防溢乳垫',70),

(706,'套装',71),

(707,'上衣',71),

(708,'裤子',71),

(709,'裙子',71),

(710,'内衣/家居服',71),

(711,'羽绒服/棉服',71),

(712,'亲子装',71),

(713,'儿童配饰',71),

(714,'礼服/演出服',71),

(715,'运动鞋',71),

(716,'皮鞋/帆布鞋',71),

(717,'靴子',71),

(718,'凉鞋',71),

(719,'功能鞋',71),

(720,'户外/运动服',71),

(721,'提篮式',72),

(722,'安全座椅',72),

(723,'增高垫',72),

(724,'钱包',73),

(725,'手拿包',73),

(726,'单肩包',73),

(727,'双肩包',73),

(728,'手提包',73),

(729,'斜挎包',73),

(730,'钥匙包',73),

(731,'卡包/零钱包',73),

(732,'男士钱包',74),

(733,'男士手包',74),

(734,'卡包名片夹',74),

(735,'商务公文包',74),

(736,'双肩包',74),

(737,'单肩/斜挎包',74),

(738,'钥匙包',74),

(739,'电脑包',75),

(740,'拉杆箱',75),

(741,'旅行包',75),

(742,'旅行配件',75),

(743,'休闲运动包',75),

(744,'拉杆包',75),

(745,'登山包',75),

(746,'妈咪包',75),

(747,'书包',75),

(748,'相机包',75),

(749,'腰包/胸包',75),

(750,'火机烟具',76),

(751,'礼品文具',76),

(752,'军刀军具',76),

(753,'收藏品',76),

(754,'工艺礼品',76),

(755,'创意礼品',76),

(756,'礼盒礼券',76),

(757,'鲜花绿植',76),

(758,'婚庆节庆',76),

(759,'京东卡',76),

(760,'美妆礼品',76),

(761,'礼品定制',76),

(762,'京东福卡',76),

(763,'古董文玩',76),

(764,'箱包',77),

(765,'钱包',77),

(766,'服饰',77),

(767,'腰带',77),

(768,'太阳镜/眼镜框',77),

(769,'配件',77),

(770,'鞋靴',77),

(771,'饰品',77),

(772,'名品腕表',77),

(773,'高档化妆品',77),

(774,'婚嫁首饰',78),

(775,'婚纱摄影',78),

(776,'婚纱礼服',78),

(777,'婚庆服务',78),

(778,'婚庆礼品/用品',78),

(779,'婚宴',78),

(780,'饼干蛋糕',79),

(781,'糖果/巧克力',79),

(782,'休闲零食',79),

(783,'冲调饮品',79),

(784,'粮油调味',79),

(785,'牛奶',79),

(786,'其他特产',80),

(787,'新疆',80),

(788,'北京',80),

(789,'山西',80),

(790,'内蒙古',80),

(791,'福建',80),

(792,'湖南',80),

(793,'四川',80),

(794,'云南',80),

(795,'东北',80),

(796,'休闲零食',81),

(797,'坚果炒货',81),

(798,'肉干肉脯',81),

(799,'蜜饯果干',81),

(800,'糖果/巧克力',81),

(801,'饼干蛋糕',81),

(802,'无糖食品',81),

(803,'米面杂粮',82),

(804,'食用油',82),

(805,'调味品',82),

(806,'南北干货',82),

(807,'方便食品',82),

(808,'有机食品',82),

(809,'饮用水',83),

(810,'饮料',83),

(811,'牛奶乳品',83),

(812,'咖啡/奶茶',83),

(813,'冲饮谷物',83),

(814,'蜂蜜/柚子茶',83),

(815,'成人奶粉',83),

(816,'月饼',84),

(817,'大闸蟹',84),

(818,'粽子',84),

(819,'卡券',84),

(820,'铁观音',85),

(821,'普洱',85),

(822,'龙井',85),

(823,'绿茶',85),

(824,'红茶',85),

(825,'乌龙茶',85),

(826,'花草茶',85),

(827,'花果茶',85),

(828,'养生茶',85),

(829,'黑茶',85),

(830,'白茶',85),

(831,'其它茶',85),

(832,'项链',86),

(833,'手链/脚链',86),

(834,'戒指',86),

(835,'耳饰',86),

(836,'毛衣链',86),

(837,'发饰/发卡',86),

(838,'胸针',86),

(839,'饰品配件',86),

(840,'婚庆饰品',86),

(841,'黄金吊坠',87),

(842,'黄金项链',87),

(843,'黄金转运珠',87),

(844,'黄金手镯/手链/脚链',87),

(845,'黄金耳饰',87),

(846,'黄金戒指',87),

(847,'K金吊坠',88),

(848,'K金项链',88),

(849,'K金手镯/手链/脚链',88),

(850,'K金戒指',88),

(851,'K金耳饰',88),

(852,'投资金',89),

(853,'投资银',89),

(854,'投资收藏',89),

(855,'银吊坠/项链',90),

(856,'银手镯/手链/脚链',90),

(857,'银戒指',90),

(858,'银耳饰',90),

(859,'足银手镯',90),

(860,'宝宝银饰',90),

(861,'裸钻',91),

(862,'钻戒',91),

(863,'钻石项链/吊坠',91),

(864,'钻石耳饰',91),

(865,'钻石手镯/手链',91),

(866,'项链/吊坠',92),

(867,'手镯/手串',92),

(868,'戒指',92),

(869,'耳饰',92),

(870,'挂件/摆件/把件',92),

(871,'玉石孤品',92),

(872,'项链/吊坠',93),

(873,'耳饰',93),

(874,'手镯/手链/脚链',93),

(875,'戒指',93),

(876,'头饰/胸针',93),

(877,'摆件/挂件',93),

(878,'琥珀/蜜蜡',94),

(879,'碧玺',94),

(880,'红宝石/蓝宝石',94),

(881,'坦桑石',94),

(882,'珊瑚',94),

(883,'祖母绿',94),

(884,'葡萄石',94),

(885,'其他天然宝石',94),

(886,'项链/吊坠',94),

(887,'耳饰',94),

(888,'手镯/手链',94),

(889,'戒指',94),

(890,'铂金项链/吊坠',95),

(891,'铂金手镯/手链/脚链',95),

(892,'铂金戒指',95),

(893,'铂金耳饰',95),

(894,'小叶紫檀',96),

(895,'黄花梨',96),

(896,'沉香木',96),

(897,'金丝楠',96),

(898,'菩提',96),

(899,'其他',96),

(900,'橄榄核/核桃',96),

(901,'檀香',96),

(902,'珍珠项链',97),

(903,'珍珠吊坠',97),

(904,'珍珠耳饰',97),

(905,'珍珠手链',97),

(906,'珍珠戒指',97),

(907,'珍珠胸针',97),

(908,'机油',98),

(909,'正时皮带',98),

(910,'添加剂',98),

(911,'汽车喇叭',98),

(912,'防冻液',98),

(913,'汽车玻璃',98),

(914,'滤清器',98),

(915,'火花塞',98),

(916,'减震器',98),

(917,'柴机油/辅助油',98),

(918,'雨刷',98),

(919,'车灯',98),

(920,'后视镜',98),

(921,'轮胎',98),

(922,'轮毂',98),

(923,'刹车片/盘',98),

(924,'维修配件',98),

(925,'蓄电池',98),

(926,'底盘装甲/护板',98),

(927,'贴膜',98),

(928,'汽修工具',98),

(929,'改装配件',98),

(930,'导航仪',99),

(931,'安全预警仪',99),

(932,'行车记录仪',99),

(933,'倒车雷达',99),

(934,'蓝牙设备',99),

(935,'车载影音',99),

(936,'净化器',99),

(937,'电源',99),

(938,'智能驾驶',99),

(939,'车载电台',99),

(940,'车载电器配件',99),

(941,'吸尘器',99),

(942,'智能车机',99),

(943,'冰箱',99),

(944,'汽车音响',99),

(945,'车载生活电器',99),

(946,'车蜡',100),

(947,'补漆笔',100),

(948,'玻璃水',100),

(949,'清洁剂',100),

(950,'洗车工具',100),

(951,'镀晶镀膜',100),

(952,'打蜡机',100),

(953,'洗车配件',100),

(954,'洗车机',100),

(955,'洗车水枪',100),

(956,'毛巾掸子',100),

(957,'脚垫',101),

(958,'座垫',101),

(959,'座套',101),

(960,'后备箱垫',101),

(961,'头枕腰靠',101),

(962,'方向盘套',101),

(963,'香水',101),

(964,'空气净化',101),

(965,'挂件摆件',101),

(966,'功能小件',101),

(967,'车身装饰件',101),

(968,'车衣',101),

(969,'安全座椅',102),

(970,'胎压监测',102),

(971,'防盗设备',102),

(972,'应急救援',102),

(973,'保温箱',102),

(974,'地锁',102),

(975,'摩托车',102),

(976,'充气泵',102),

(977,'储物箱',102),

(978,'自驾野营',102),

(979,'摩托车装备',102),

(980,'清洗美容',103),

(981,'功能升级',103),

(982,'保养维修',103),

(983,'油卡充值',103),

(984,'车险',103),

(985,'加油卡',103),

(986,'ETC',103),

(987,'驾驶培训',103),

(988,'赛事服装',104),

(989,'赛事用品',104),

(990,'制动系统',104),

(991,'悬挂系统',104),

(992,'进气系统',104),

(993,'排气系统',104),

(994,'电子管理',104),

(995,'车身强化',104),

(996,'赛事座椅',104),

(997,'跑步鞋',105),

(998,'休闲鞋',105),

(999,'篮球鞋',105),

(1000,'板鞋',105),

(1001,'帆布鞋',105),

(1002,'足球鞋',105),

(1003,'乒羽网鞋',105),

(1004,'专项运动鞋',105),

(1005,'训练鞋',105),

(1006,'拖鞋',105),

(1007,'运动包',105),

(1008,'羽绒服',106),

(1009,'棉服',106),

(1010,'运动裤',106),

(1011,'夹克/风衣',106),

(1012,'卫衣/套头衫',106),

(1013,'T恤',106),

(1014,'套装',106),

(1015,'乒羽网服',106),

(1016,'健身服',106),

(1017,'运动背心',106),

(1018,'毛衫/线衫',106),

(1019,'运动配饰',106),

(1020,'折叠车',107),

(1021,'山地车/公路车',107),

(1022,'电动车',107),

(1023,'其他整车',107),

(1024,'骑行服',107),

(1025,'骑行装备',107),

(1026,'平衡车',107),

(1027,'鱼竿鱼线',108),

(1028,'浮漂鱼饵',108),

(1029,'钓鱼桌椅',108),

(1030,'钓鱼配件',108),

(1031,'钓箱鱼包',108),

(1032,'其它',108),

(1033,'泳镜',109),

(1034,'泳帽',109),

(1035,'游泳包防水包',109),

(1036,'女士泳衣',109),

(1037,'男士泳衣',109),

(1038,'比基尼',109),

(1039,'其它',109),

(1040,'冲锋衣裤',110),

(1041,'速干衣裤',110),

(1042,'滑雪服',110),

(1043,'羽绒服/棉服',110),

(1044,'休闲衣裤',110),

(1045,'抓绒衣裤',110),

(1046,'软壳衣裤',110),

(1047,'T恤',110),

(1048,'户外风衣',110),

(1049,'功能内衣',110),

(1050,'军迷服饰',110),

(1051,'登山鞋',110),

(1052,'雪地靴',110),

(1053,'徒步鞋',110),

(1054,'越野跑鞋',110),

(1055,'休闲鞋',110),

(1056,'工装鞋',110),

(1057,'溯溪鞋',110),

(1058,'沙滩/凉拖',110),

(1059,'户外袜',110),

(1060,'帐篷/垫子',111),

(1061,'睡袋/吊床',111),

(1062,'登山攀岩',111),

(1063,'户外配饰',111),

(1064,'背包',111),

(1065,'户外照明',111),

(1066,'户外仪表',111),

(1067,'户外工具',111),

(1068,'望远镜',111),

(1069,'旅游用品',111),

(1070,'便携桌椅床',111),

(1071,'野餐烧烤',111),

(1072,'军迷用品',111),

(1073,'救援装备',111),

(1074,'滑雪装备',111),

(1075,'极限户外',111),

(1076,'冲浪潜水',111),

(1077,'综合训练器',112),

(1078,'其他大型器械',112),

(1079,'哑铃',112),

(1080,'仰卧板/收腹机',112),

(1081,'其他中小型器材',112),

(1082,'瑜伽舞蹈',112),

(1083,'甩脂机',112),

(1084,'踏步机',112),

(1085,'武术搏击',112),

(1086,'健身车/动感单车',112),

(1087,'跑步机',112),

(1088,'运动护具',112),

(1089,'羽毛球',113),

(1090,'乒乓球',113),

(1091,'篮球',113),

(1092,'足球',113),

(1093,'网球',113),

(1094,'排球',113),

(1095,'高尔夫',113),

(1096,'台球',113),

(1097,'棋牌麻将',113),

(1098,'轮滑滑板',113),

(1099,'其他',113),

(1100,'0-6个月',114),

(1101,'6-12个月',114),

(1102,'1-3岁',114),

(1103,'3-6岁',114),

(1104,'6-14岁',114),

(1105,'14岁以上',114),

(1106,'遥控车',115),

(1107,'遥控飞机',115),

(1108,'遥控船',115),

(1109,'机器人',115),

(1110,'轨道/助力',115),

(1111,'毛绒/布艺',116),

(1112,'靠垫/抱枕',116),

(1113,'芭比娃娃',117),

(1114,'卡通娃娃',117),

(1115,'智能娃娃',117),

(1116,'仿真模型',118),

(1117,'拼插模型',118),

(1118,'收藏爱好',118),

(1119,'炫舞毯',119),

(1120,'爬行垫/毯',119),

(1121,'户外玩具',119),

(1122,'戏水玩具',119),

(1123,'电影周边',120),

(1124,'卡通周边',120),

(1125,'网游周边',120),

(1126,'摇铃/床铃',121),

(1127,'健身架',121),

(1128,'早教启智',121),

(1129,'拖拉玩具',121),

(1130,'积木',122),

(1131,'拼图',122),

(1132,'磁力棒',122),

(1133,'立体拼插',122),

(1134,'手工彩泥',123),

(1135,'绘画工具',123),

(1136,'情景玩具',123),

(1137,'减压玩具',124),

(1138,'创意玩具',124),

(1139,'钢琴',125),

(1140,'电子琴/电钢琴',125),

(1141,'吉他/尤克里里',125),

(1142,'打击乐器',125),

(1143,'西洋管弦',125),

(1144,'民族管弦乐器',125),

(1145,'乐器配件',125),

(1146,'电脑音乐',125),

(1147,'工艺礼品乐器',125),

(1148,'口琴/口风琴/竖笛',125),

(1149,'手风琴',125);

/*Table structure for table `base_dic` */

CREATE TABLE IF NOT EXISTS `base_dic` (
  `dic_code` varchar(10) NOT NULL COMMENT '编号',
  `dic_name` varchar(100) DEFAULT NULL COMMENT '编码名称',
  `parent_code` varchar(10) DEFAULT NULL COMMENT '父编号',
  `create_time` datetime DEFAULT NULL COMMENT '创建日期',
  `operate_time` datetime DEFAULT NULL COMMENT '修改日期',
  PRIMARY KEY (`dic_code`)
) ENGINE=InnoDB DEFAULT CHARSET=utf8 COMMENT='编码字典表';

/*Data for the table `base_dic` */

insert  into `base_dic`(`dic_code`,`dic_name`,`parent_code`,`create_time`,`operate_time`) values 

('10','单据状态',NULL,NULL,NULL),

('1001','未支付','10',NULL,NULL),

('1002','已支付','10',NULL,NULL),

('1003','已取消','10',NULL,NULL),

('1004','已完成','10',NULL,NULL),

('1005','退款中','10',NULL,NULL),

('1006','退款完成','10',NULL,NULL),

('11','支付状态',NULL,NULL,NULL),

('1101','支付宝','11',NULL,NULL),

('1102','微信','11',NULL,NULL),

('1103','银联','11',NULL,NULL),

('12','评价',NULL,NULL,NULL),

('1201','好评','12',NULL,NULL),

('1202','中评','12',NULL,NULL),

('1203','差评','12',NULL,NULL),

('1204','自动','12',NULL,NULL),

('13','退货原因',NULL,NULL,NULL),

('1301','质量问题','13',NULL,NULL),

('1302','商品描述与实际描述不一致','13',NULL,NULL),

('1303','缺货','13',NULL,NULL),

('1304','号码不合适','13',NULL,NULL),

('1305','拍错','13',NULL,NULL),

('1306','不想买了','13',NULL,NULL),

('1307','其他','13',NULL,NULL),

('14','购物券状态',NULL,NULL,NULL),

('1401','未使用','14',NULL,NULL),

('1402','使用中','14',NULL,NULL),

('1403','已使用','14',NULL,NULL),

('15','退款类型',NULL,NULL,NULL),

('1501','仅退款','15',NULL,NULL),

('1502','退货退款','15',NULL,NULL),

('24','来源类型','',NULL,NULL),

('2401','用户查询','24',NULL,NULL),

('2402','商品推广','24',NULL,NULL),

('2403','智能推荐','24',NULL,NULL),

('2404','促销活动','2404',NULL,NULL);

/*Table structure for table `base_province` */

CREATE TABLE IF NOT EXISTS `base_province` (
  `id` bigint(20) DEFAULT NULL COMMENT 'id',
  `name` varchar(20) DEFAULT NULL COMMENT '省名称',
  `region_id` varchar(20) DEFAULT NULL COMMENT '大区id',
  `area_code` varchar(20) DEFAULT NULL COMMENT '行政区位码',
  `iso_code` varchar(20) DEFAULT NULL COMMENT '国际编码'
) ENGINE=InnoDB DEFAULT CHARSET=utf8;

/*Data for the table `base_province` */

insert into `base_province` (`id`, `name`, `region_id`, `area_code`, `iso_code`) values
('1','北京','1','110000','CN-BJ'),
('2','天津','1','120000','CN-TJ'),
('3','山西','1','140000','CN-SX'),
('4','内蒙古','1','150000','CN-NM'),
('5','河北','1','130000','CN-HE'),
('6','上海','2','310000','CN-SH'),
('7','江苏','2','320000','CN-JS'),
('8','浙江','2','330000','CN-ZJ'),
('9','安徽','2','340000','CN-AH'),
('10','福建','2','350000','CN-FJ'),
('11','江西','2','360000','CN-JX'),
('12','山东','2','370000','CN-SD'),
('14','台湾','2','710000','CN-TW'),
('15','黑龙江','3','230000','CN-HL'),
('16','吉林','3','220000','CN-JL'),
('17','辽宁','3','210000','CN-LN'),
('18','陕西','7','610000','CN-SN'),
('19','甘肃','7','620000','CN-GS'),
('20','青海','7','630000','CN-QH'),
('21','宁夏','7','640000','CN-NX'),
('22','新疆','7','650000','CN-XJ'),
('23','河南','4','410000','CN-HA'),
('24','湖北','4','420000','CN-HB'),
('25','湖南','4','430000','CN-HN'),
('26','广东','5','440000','CN-GD'),
('27','广西','5','450000','CN-GX'),
('28','海南','5','460000','CN-HI'),
('29','香港','5','810000','CN-HK'),
('30','澳门','5','820000','CN-MO'),
('31','四川','6','510000','CN-SC'),
('32','贵州','6','520000','CN-GZ'),
('33','云南','6','530000','CN-YN'),
('13','重庆','6','500000','CN-CQ'),
('34','西藏','6','540000','CN-XZ');

/*Table structure for table `base_region` */

CREATE TABLE IF NOT EXISTS `base_region` (
  `id` varchar(20) DEFAULT NULL COMMENT '大区id',
  `region_name` varchar(20) DEFAULT NULL COMMENT '大区名称'
) ENGINE=InnoDB DEFAULT CHARSET=utf8;

/*Data for the table `base_region` */

insert  into `base_region`(`id`,`region_name`) values 

('1','华北'),

('2','华东'),

('3','东北'),

('4','华中'),

('5','华南'),

('6','西南'),

('7','西北');

/*Table structure for table `base_trademark` */

CREATE TABLE IF NOT EXISTS `base_trademark` (
  `tm_id` varchar(20) DEFAULT NULL COMMENT '品牌id',
  `tm_name` varchar(20) DEFAULT NULL COMMENT '品牌名称'
) ENGINE=InnoDB DEFAULT CHARSET=utf8;

/*Data for the table `base_trademark` */

insert  into `base_trademark`(`tm_id`,`tm_name`) values 

('1','小米'),

('2','荣耀'),

('3','apple'),

('4','tcl'),

('5','北纯'),

('6','联想'),

('7','迪奥');

/*Table structure for table `cart_info` */

CREATE TABLE IF NOT EXISTS `cart_info` (
  `id` bigint(20) NOT NULL AUTO_INCREMENT COMMENT '编号',
  `user_id` bigint(20) DEFAULT NULL COMMENT '用户id',
  `sku_id` bigint(20) DEFAULT NULL COMMENT 'skuid',
  `cart_price` decimal(10,2) DEFAULT NULL COMMENT '放入购物车时价格',
  `sku_num` bigint(11) DEFAULT NULL COMMENT '数量',
  `img_url` varchar(200) DEFAULT NULL COMMENT '图片文件',
  `sku_name` varchar(200) DEFAULT NULL COMMENT 'sku名称 (冗余)',
  `create_time` datetime DEFAULT NULL COMMENT '创建时间',
  `operate_time` datetime DEFAULT NULL COMMENT '修改时间',
  `is_ordered` bigint(20) DEFAULT NULL COMMENT '是否已经下单',
  `order_time` datetime DEFAULT NULL COMMENT '下单时间',
  `source_type` varchar(20) DEFAULT NULL COMMENT '来源类型',
  `source_id` bigint(20) DEFAULT NULL COMMENT '来源编号',
  PRIMARY KEY (`id`)
) ENGINE=InnoDB AUTO_INCREMENT=1962 DEFAULT CHARSET=utf8 COMMENT='购物车表 用户登录系统时更新冗余';

/*Data for the table `cart_info` */

insert  into `cart_info`(`id`,`user_id`,`sku_id`,`cart_price`,`sku_num`,`img_url`,`sku_name`,`create_time`,`operate_time`,`is_ordered`,`order_time`,`source_type`,`source_id`) values 

(1932,74,11,6399.00,3,'http://kAXllAQEzJWHwiExxVmyJIABfXyzbKwedeofMqwh','联想(Lenovo)拯救者Y7000 2019新款 15.6英寸游戏本笔记本电脑（i7-9750H 8GB 1TB+256GB GTX1650 4G独显 黑）','2020-04-24 19:06:10',NULL,1,'2020-04-25 19:06:10','2404',1),

(1933,2,2,3321.00,1,'http://JfJSvAnPkErYPcUsbgCuokhjxKiLeqpDXakZqFeE','TCL 55A950C 55英寸32核人工智能 HDR曲面超薄4K电视金属机身（枪色）','2020-04-24 19:06:10',NULL,1,'2020-04-25 19:06:10','2401',NULL),

(1934,25,4,1442.00,1,'http://SXlkutIjYpDWWTEpNUiisnlsevOHVElrdngQLgyZ','小米Play 流光渐变AI双摄 4GB+64GB 梦幻蓝 全网通4G 双卡双待 小水滴全面屏拍照游戏智能手机','2020-04-24 19:06:10',NULL,0,NULL,'2401',NULL),

(1935,80,7,1553.00,2,'http://IJwhvJSuwaMHaevQQKZUzLkOsvYFiYsRhmLSjpZb','荣耀10青春版 幻彩渐变 2400万AI自拍 全网通版4GB+64GB 渐变蓝 移动联通电信4G全面屏手机 双卡双待','2020-04-24 19:06:10',NULL,0,NULL,'2401',NULL),

(1936,75,13,7299.00,3,'http://kAXllAQEzJWHwiExxVmyJIABfXyzbKwedeofMqwh','联想(Lenovo)Y9000X 2019新款 15.6英寸高性能标压轻薄本笔记本电脑(i5-9300H 16G 512GSSD FHD)深空灰','2020-04-24 19:06:10',NULL,1,'2020-04-25 19:06:10','2401',NULL),

(1937,46,7,1553.00,2,'http://IJwhvJSuwaMHaevQQKZUzLkOsvYFiYsRhmLSjpZb','荣耀10青春版 幻彩渐变 2400万AI自拍 全网通版4GB+64GB 渐变蓝 移动联通电信4G全面屏手机 双卡双待','2020-04-24 19:06:10',NULL,1,'2020-04-25 19:06:10','2402',98),

(1938,90,4,1442.00,1,'http://SXlkutIjYpDWWTEpNUiisnlsevOHVElrdngQLgyZ','小米Play 流光渐变AI双摄 4GB+64GB 梦幻蓝 全网通4G 双卡双待 小水滴全面屏拍照游戏智能手机','2020-04-24 19:06:10',NULL,0,NULL,'2401',NULL),

(1939,24,13,7299.00,2,'http://kAXllAQEzJWHwiExxVmyJIABfXyzbKwedeofMqwh','联想(Lenovo)Y9000X 2019新款 15.6英寸高性能标压轻薄本笔记本电脑(i5-9300H 16G 512GSSD FHD)深空灰','2020-04-24 19:06:10',NULL,1,'2020-04-25 19:06:10','2403',NULL),

(1940,57,4,1442.00,2,'http://SXlkutIjYpDWWTEpNUiisnlsevOHVElrdngQLgyZ','小米Play 流光渐变AI双摄 4GB+64GB 梦幻蓝 全网通4G 双卡双待 小水滴全面屏拍照游戏智能手机','2020-04-24 19:06:10',NULL,1,'2020-04-25 19:06:10','2401',NULL),

(1941,30,2,3321.00,1,'http://JfJSvAnPkErYPcUsbgCuokhjxKiLeqpDXakZqFeE','TCL 55A950C 55英寸32核人工智能 HDR曲面超薄4K电视金属机身（枪色）','2020-04-24 19:06:10',NULL,1,'2020-04-25 19:06:10','2401',NULL),

(1942,85,16,235.00,2,'http://kAXllAQEzJWHwiExxVmyJIABfXyzbKwedeofMqwh','迪奥（Dior）烈艳蓝金唇膏/口红 珊瑚粉 ACTRICE 028号 3.5g','2020-04-24 19:06:10',NULL,0,NULL,'2401',NULL),

(1943,100,14,496.00,2,'http://kAXllAQEzJWHwiExxVmyJIABfXyzbKwedeofMqwh','Dior迪奥口红唇膏送女友老婆礼物生日礼物 烈艳蓝金999+888两支装礼盒','2020-04-24 19:06:10',NULL,1,'2020-04-25 19:06:10','2403',NULL),

(1944,49,8,8900.00,1,'http://RFCTOnWWRtrJdygmPqiUXdBvyhqiTTOnXYagFJDP','Apple iPhoneXSMax (A2104) 256GB 深空灰色 移动联通电信4G手机 双卡双待','2020-04-24 19:06:10',NULL,0,NULL,'2401',NULL),

(1945,27,9,2452.00,2,'http://hNuKrFXZgFIzzZxnYeCxEDdJlbAwHUCbBChdXAKZ','荣耀10 GT游戏加速 AIS手持夜景 6GB+64GB 幻影蓝全网通 移动联通电信','2020-04-24 19:06:10',NULL,1,'2020-04-25 19:06:10','2402',92),

(1946,61,4,1442.00,3,'http://SXlkutIjYpDWWTEpNUiisnlsevOHVElrdngQLgyZ','小米Play 流光渐变AI双摄 4GB+64GB 梦幻蓝 全网通4G 双卡双待 小水滴全面屏拍照游戏智能手机','2020-04-24 19:06:10',NULL,1,'2020-04-25 19:06:10','2402',60),

(1947,1,11,6399.00,1,'http://kAXllAQEzJWHwiExxVmyJIABfXyzbKwedeofMqwh','联想(Lenovo)拯救者Y7000 2019新款 15.6英寸游戏本笔记本电脑（i7-9750H 8GB 1TB+256GB GTX1650 4G独显 黑）','2020-04-24 19:06:10',NULL,1,'2020-04-25 19:06:10','2402',86),

(1948,23,12,6699.00,1,'http://kAXllAQEzJWHwiExxVmyJIABfXyzbKwedeofMqwh','联想(Lenovo)拯救者Y7000 英特尔酷睿i7 2019新款 15.6英寸发烧游戏本笔记本电脑（i7-9750H 8GB 512GB SSD GTX1650 4G 高色域','2020-04-24 19:06:10',NULL,0,NULL,'2404',2),

(1949,96,3,3100.00,3,'http://LzpblavcZQeYEbwbSjsnmsgAjtpudhDradqsRgdZ','小米（MI）电视 55英寸曲面4K智能WiFi网络液晶电视机4S L55M5-AQ 小米电视4S 55英寸 曲面','2020-04-24 19:06:10',NULL,0,NULL,'2404',1),

(1950,55,2,3321.00,1,'http://JfJSvAnPkErYPcUsbgCuokhjxKiLeqpDXakZqFeE','TCL 55A950C 55英寸32核人工智能 HDR曲面超薄4K电视金属机身（枪色）','2020-04-24 19:06:10',NULL,1,'2020-04-25 19:06:10','2401',NULL),

(1951,64,1,2220.00,2,'http://AOvKmfRQEBRJJllwCwCuptVAOtBBcIjWeJRsmhbJ','荣耀10青春版 幻彩渐变 2400万AI自拍 全网通版4GB+64GB 渐变蓝 移动联通电信4G全面屏手机 双卡双待','2020-04-24 19:06:10',NULL,1,'2020-04-25 19:06:10','2403',NULL),

(1952,83,1,2220.00,1,'http://AOvKmfRQEBRJJllwCwCuptVAOtBBcIjWeJRsmhbJ','荣耀10青春版 幻彩渐变 2400万AI自拍 全网通版4GB+64GB 渐变蓝 移动联通电信4G全面屏手机 双卡双待','2020-04-24 19:06:10',NULL,1,'2020-04-25 19:06:10','2401',NULL),

(1953,65,1,2220.00,3,'http://AOvKmfRQEBRJJllwCwCuptVAOtBBcIjWeJRsmhbJ','荣耀10青春版 幻彩渐变 2400万AI自拍 全网通版4GB+64GB 渐变蓝 移动联通电信4G全面屏手机 双卡双待','2020-04-24 19:06:10',NULL,1,'2020-04-25 19:06:10','2402',27),

(1954,92,3,3100.00,2,'http://LzpblavcZQeYEbwbSjsnmsgAjtpudhDradqsRgdZ','小米（MI）电视 55英寸曲面4K智能WiFi网络液晶电视机4S L55M5-AQ 小米电视4S 55英寸 曲面','2020-04-24 19:06:10',NULL,0,NULL,'2403',NULL),

(1955,59,15,252.00,1,'http://kAXllAQEzJWHwiExxVmyJIABfXyzbKwedeofMqwh','迪奥（Dior）烈艳蓝金唇膏 口红 3.5g 999号 哑光-经典正红','2020-04-24 19:06:10',NULL,1,'2020-04-25 19:06:10','2403',NULL),

(1956,66,1,2220.00,2,'http://AOvKmfRQEBRJJllwCwCuptVAOtBBcIjWeJRsmhbJ','荣耀10青春版 幻彩渐变 2400万AI自拍 全网通版4GB+64GB 渐变蓝 移动联通电信4G全面屏手机 双卡双待','2020-04-24 19:06:10',NULL,1,'2020-04-25 19:06:10','2401',NULL),

(1957,85,14,496.00,1,'http://kAXllAQEzJWHwiExxVmyJIABfXyzbKwedeofMqwh','Dior迪奥口红唇膏送女友老婆礼物生日礼物 烈艳蓝金999+888两支装礼盒','2020-04-24 19:06:10',NULL,1,'2020-04-25 19:06:10','2401',NULL),

(1958,95,2,3321.00,3,'http://JfJSvAnPkErYPcUsbgCuokhjxKiLeqpDXakZqFeE','TCL 55A950C 55英寸32核人工智能 HDR曲面超薄4K电视金属机身（枪色）','2020-04-24 19:06:10',NULL,1,'2020-04-25 19:06:10','2401',NULL),

(1959,13,5,244.00,2,'http://INNButKuTkslasORPBmHACnJuccfsxmRxNuMznPm','十月稻田 沁州黄小米 (黄小米 五谷杂粮 山西特产 真空装 大米伴侣 粥米搭档) 2.5kg','2020-04-24 19:06:10',NULL,1,'2020-04-25 19:06:10','2401',NULL),

(1960,25,5,244.00,3,'http://INNButKuTkslasORPBmHACnJuccfsxmRxNuMznPm','十月稻田 沁州黄小米 (黄小米 五谷杂粮 山西特产 真空装 大米伴侣 粥米搭档) 2.5kg','2020-04-24 19:06:10',NULL,1,'2020-04-25 19:06:10','2401',NULL),

(1961,10,10,222.00,1,'http://kAXllAQEzJWHwiExxVmyJIABfXyzbKwedeofMqwh','小米（MI） 小米路由器4 双千兆路由器 无线家用穿墙1200M高速双频wifi 千兆版 千兆端口光纤适用','2020-04-24 19:06:10',NULL,0,NULL,'2404',1);

/*Table structure for table `comment_info` */

CREATE TABLE IF NOT EXISTS `comment_info` (
  `id` bigint(20) NOT NULL AUTO_INCREMENT COMMENT '编号',
  `user_id` bigint(20) DEFAULT NULL COMMENT '用户名称',
  `sku_id` bigint(20) DEFAULT NULL COMMENT 'skuid',
  `spu_id` bigint(20) DEFAULT NULL COMMENT '商品id',
  `order_id` bigint(20) DEFAULT NULL COMMENT '订单编号',
  `appraise` varchar(10) DEFAULT NULL COMMENT '评价 1 好评 2 中评 3 差评',
  `comment_txt` varchar(2000) DEFAULT NULL COMMENT '评价内容',
  `create_time` datetime DEFAULT NULL COMMENT '创建时间',
  `operate_time` datetime DEFAULT NULL COMMENT '修改时间',
  PRIMARY KEY (`id`)
) ENGINE=InnoDB AUTO_INCREMENT=1254003765152657412 DEFAULT CHARSET=utf8 COMMENT='商品评论表';

/*Data for the table `comment_info` */

insert  into `comment_info`(`id`,`user_id`,`sku_id`,`spu_id`,`order_id`,`appraise`,`comment_txt`,`create_time`,`operate_time`) values 

(1254003765140074497,47,5,5,3424,'1204','评论内容：24627482744927474747436935587968255334213253957327','2020-04-24 19:06:10',NULL),

(1254003765144268802,46,13,10,3425,'1204','评论内容：99256338615798873674372563688818193986283398718964','2020-04-24 19:06:10',NULL),

(1254003765144268803,34,13,10,3427,'1204','评论内容：66286388788664745432296371517444723295756345225144','2020-04-24 19:06:10',NULL),

(1254003765144268804,61,4,4,3428,'1202','评论内容：31338217522729445837759411847685953792987242391532','2020-04-24 19:06:10',NULL),

(1254003765144268805,46,14,11,3431,'1204','评论内容：75738253794548356979494898876122924683721325132362','2020-04-24 19:06:10',NULL),

(1254003765144268806,31,9,8,3432,'1204','评论内容：57591779959222533286268937514798364569127843677172','2020-04-24 19:06:10',NULL),

(1254003765148463106,21,11,10,3434,'1202','评论内容：85946526365175292881154439235918399783313349294348','2020-04-24 19:06:10',NULL),

(1254003765148463107,83,1,1,3438,'1204','评论内容：19899855867538788762444232844341529548773163985759','2020-04-24 19:06:10',NULL),

(1254003765148463108,53,15,12,3439,'1204','评论内容：77396642455596766434564978179756822728724499631485','2020-04-24 19:06:10',NULL),

(1254003765152657410,86,1,1,3440,'1201','评论内容：76477464378374629724523144965283368666495616872846','2020-04-24 19:06:10',NULL),

(1254003765152657411,45,5,5,3442,'1204','评论内容：36968264184549267662341581574344778218192853369255','2020-04-24 19:06:10',NULL);

/*Table structure for table `coupon_info` */

CREATE TABLE IF NOT EXISTS `coupon_info` (
  `id` bigint(20) NOT NULL AUTO_INCREMENT COMMENT '购物券编号',
  `coupon_name` varchar(100) DEFAULT NULL COMMENT '购物券名称',
  `coupon_type` varchar(10) DEFAULT NULL COMMENT '购物券类型 1 现金券 2 折扣券 3 满减券 4 满件打折券',
  `condition_amount` decimal(10,2) DEFAULT NULL COMMENT '满额数',
  `condition_num` bigint(20) DEFAULT NULL COMMENT '满件数',
  `activity_id` bigint(20) DEFAULT NULL COMMENT '活动编号',
  `benefit_amount` decimal(16,2) DEFAULT NULL COMMENT '减金额',
  `benefit_discount` bigint(20) DEFAULT NULL COMMENT '折扣',
  `create_time` datetime DEFAULT NULL COMMENT '创建时间',
  `range_type` varchar(10) DEFAULT NULL COMMENT '范围类型 1、商品 2、品类 3、品牌',
  `spu_id` bigint(20) DEFAULT NULL COMMENT '商品id',
  `tm_id` bigint(20) DEFAULT NULL COMMENT '品牌id',
  `category3_id` bigint(20) DEFAULT NULL COMMENT '品类id',
  `limit_num` int(11) DEFAULT NULL COMMENT '最多领用次数',
  `operate_time` datetime DEFAULT NULL COMMENT '修改时间',
  `expire_time` datetime DEFAULT NULL COMMENT '过期时间',
  PRIMARY KEY (`id`)
) ENGINE=InnoDB AUTO_INCREMENT=3 DEFAULT CHARSET=utf8 COMMENT='优惠券表';

/*Data for the table `coupon_info` */

insert  into `coupon_info`(`id`,`coupon_name`,`coupon_type`,`condition_amount`,`condition_num`,`activity_id`,`benefit_amount`,`benefit_discount`,`create_time`,`range_type`,`spu_id`,`tm_id`,`category3_id`,`limit_num`,`operate_time`,`expire_time`) values 

(1,'粮食优惠券','2301',100.00,0,NULL,15.00,NULL,'2020-02-27 17:44:57','2401',NULL,NULL,803,11,NULL,NULL),

(2,'粮食优惠券2','2301',200.00,NULL,NULL,40.00,NULL,'2020-03-16 23:55:31','2401',NULL,NULL,803,11,NULL,NULL);

/*Table structure for table `coupon_use` */

CREATE TABLE IF NOT EXISTS `coupon_use` (
  `id` bigint(20) NOT NULL AUTO_INCREMENT COMMENT '编号',
  `coupon_id` bigint(20) DEFAULT NULL COMMENT '购物券ID',
  `user_id` bigint(20) DEFAULT NULL COMMENT '用户ID',
  `order_id` bigint(20) DEFAULT NULL COMMENT '订单ID',
  `coupon_status` varchar(10) DEFAULT NULL COMMENT '购物券状态',
  `get_time` datetime DEFAULT NULL COMMENT '领券时间',
  `using_time` datetime DEFAULT NULL COMMENT '使用时间',
  `used_time` datetime DEFAULT NULL COMMENT '支付时间',
  `expire_time` datetime DEFAULT NULL COMMENT '过期时间',
  PRIMARY KEY (`id`)
) ENGINE=InnoDB AUTO_INCREMENT=22394 DEFAULT CHARSET=utf8 COMMENT='优惠券领用表';

/*Data for the table `coupon_use` */

insert  into `coupon_use`(`id`,`coupon_id`,`user_id`,`order_id`,`coupon_status`,`get_time`,`using_time`,`used_time`,`expire_time`) values 

(22192,1,1,NULL,'1401','2020-04-24 19:06:10',NULL,NULL,NULL),

(22193,1,2,NULL,'1401','2020-04-24 19:06:10',NULL,NULL,NULL),

(22194,1,3,NULL,'1401','2020-04-24 19:06:10',NULL,NULL,NULL),

(22195,1,4,NULL,'1401','2020-04-24 19:06:10',NULL,NULL,NULL),

(22196,1,5,NULL,'1401','2020-04-24 19:06:10',NULL,NULL,NULL),

(22197,1,6,NULL,'1401','2020-04-24 19:06:10',NULL,NULL,NULL),

(22198,1,7,NULL,'1401','2020-04-24 19:06:10',NULL,NULL,NULL),

(22199,1,8,NULL,'1401','2020-04-24 19:06:10',NULL,NULL,NULL),

(22200,1,9,NULL,'1401','2020-04-24 19:06:10',NULL,NULL,NULL),

(22201,1,10,NULL,'1401','2020-04-24 19:06:10',NULL,NULL,NULL),

(22202,1,11,NULL,'1401','2020-04-24 19:06:10',NULL,NULL,NULL),

(22203,1,12,NULL,'1401','2020-04-24 19:06:10',NULL,NULL,NULL),

(22204,1,13,NULL,'1401','2020-04-24 19:06:10',NULL,NULL,NULL),

(22205,1,14,NULL,'1401','2020-04-24 19:06:10',NULL,NULL,NULL),

(22206,1,15,NULL,'1401','2020-04-24 19:06:10',NULL,NULL,NULL),

(22207,1,16,NULL,'1401','2020-04-24 19:06:10',NULL,NULL,NULL),

(22208,1,17,NULL,'1401','2020-04-24 19:06:10',NULL,NULL,NULL),

(22209,1,18,NULL,'1401','2020-04-24 19:06:10',NULL,NULL,NULL),

(22210,1,19,NULL,'1401','2020-04-24 19:06:10',NULL,NULL,NULL),

(22211,1,20,NULL,'1401','2020-04-24 19:06:10',NULL,NULL,NULL),

(22212,1,21,NULL,'1401','2020-04-24 19:06:10',NULL,NULL,NULL),

(22213,1,22,NULL,'1401','2020-04-24 19:06:10',NULL,NULL,NULL),

(22214,1,23,NULL,'1401','2020-04-24 19:06:10',NULL,NULL,NULL),

(22215,1,24,NULL,'1401','2020-04-24 19:06:10',NULL,NULL,NULL),

(22216,1,25,NULL,'1401','2020-04-24 19:06:10',NULL,NULL,NULL),

(22217,1,26,NULL,'1401','2020-04-24 19:06:10',NULL,NULL,NULL),

(22218,1,27,NULL,'1401','2020-04-24 19:06:10',NULL,NULL,NULL),

(22219,1,28,NULL,'1401','2020-04-24 19:06:10',NULL,NULL,NULL),

(22220,1,29,NULL,'1401','2020-04-24 19:06:10',NULL,NULL,NULL),

(22221,1,30,NULL,'1401','2020-04-24 19:06:10',NULL,NULL,NULL),

(22222,1,31,NULL,'1401','2020-04-24 19:06:10',NULL,NULL,NULL),

(22223,1,32,NULL,'1401','2020-04-24 19:06:10',NULL,NULL,NULL),

(22224,1,33,NULL,'1401','2020-04-24 19:06:10',NULL,NULL,NULL),

(22225,1,34,NULL,'1401','2020-04-24 19:06:10',NULL,NULL,NULL),

(22226,1,35,NULL,'1401','2020-04-24 19:06:10',NULL,NULL,NULL),

(22227,1,36,NULL,'1401','2020-04-24 19:06:10',NULL,NULL,NULL),

(22228,1,37,NULL,'1401','2020-04-24 19:06:10',NULL,NULL,NULL),

(22229,1,38,NULL,'1401','2020-04-24 19:06:10',NULL,NULL,NULL),

(22230,1,39,NULL,'1401','2020-04-24 19:06:10',NULL,NULL,NULL),

(22231,1,40,NULL,'1401','2020-04-24 19:06:10',NULL,NULL,NULL),

(22232,1,41,NULL,'1401','2020-04-24 19:06:10',NULL,NULL,NULL),

(22233,1,42,NULL,'1401','2020-04-24 19:06:10',NULL,NULL,NULL),

(22234,1,43,NULL,'1401','2020-04-24 19:06:10',NULL,NULL,NULL),

(22235,1,44,NULL,'1401','2020-04-24 19:06:10',NULL,NULL,NULL),

(22236,1,45,NULL,'1401','2020-04-24 19:06:10',NULL,NULL,NULL),

(22237,1,46,NULL,'1401','2020-04-24 19:06:10',NULL,NULL,NULL),

(22238,1,47,NULL,'1401','2020-04-24 19:06:10',NULL,NULL,NULL),

(22239,1,48,NULL,'1401','2020-04-24 19:06:10',NULL,NULL,NULL),

(22240,1,49,NULL,'1401','2020-04-24 19:06:10',NULL,NULL,NULL),

(22241,1,50,NULL,'1401','2020-04-24 19:06:10',NULL,NULL,NULL),

(22242,1,51,NULL,'1401','2020-04-24 19:06:10',NULL,NULL,NULL),

(22243,1,52,NULL,'1401','2020-04-24 19:06:10',NULL,NULL,NULL),

(22244,1,53,NULL,'1401','2020-04-24 19:06:10',NULL,NULL,NULL),

(22245,1,54,NULL,'1401','2020-04-24 19:06:10',NULL,NULL,NULL),

(22246,1,55,NULL,'1401','2020-04-24 19:06:10',NULL,NULL,NULL),

(22247,1,56,NULL,'1401','2020-04-24 19:06:10',NULL,NULL,NULL),

(22248,1,57,NULL,'1401','2020-04-24 19:06:10',NULL,NULL,NULL),

(22249,1,58,NULL,'1401','2020-04-24 19:06:10',NULL,NULL,NULL),

(22250,1,59,NULL,'1401','2020-04-24 19:06:10',NULL,NULL,NULL),

(22251,1,60,NULL,'1401','2020-04-24 19:06:10',NULL,NULL,NULL),

(22252,1,61,NULL,'1401','2020-04-24 19:06:10',NULL,NULL,NULL),

(22253,1,62,NULL,'1401','2020-04-24 19:06:10',NULL,NULL,NULL),

(22254,1,63,NULL,'1401','2020-04-24 19:06:10',NULL,NULL,NULL),

(22255,1,64,NULL,'1401','2020-04-24 19:06:10',NULL,NULL,NULL),

(22256,1,65,NULL,'1401','2020-04-24 19:06:10',NULL,NULL,NULL),

(22257,1,66,NULL,'1401','2020-04-24 19:06:10',NULL,NULL,NULL),

(22258,1,67,NULL,'1401','2020-04-24 19:06:10',NULL,NULL,NULL),

(22259,1,68,NULL,'1401','2020-04-24 19:06:10',NULL,NULL,NULL),

(22260,1,69,NULL,'1401','2020-04-24 19:06:10',NULL,NULL,NULL),

(22261,1,70,NULL,'1401','2020-04-24 19:06:10',NULL,NULL,NULL),

(22262,1,71,NULL,'1401','2020-04-24 19:06:10',NULL,NULL,NULL),

(22263,1,72,NULL,'1401','2020-04-24 19:06:10',NULL,NULL,NULL),

(22264,1,73,NULL,'1401','2020-04-24 19:06:10',NULL,NULL,NULL),

(22265,1,74,NULL,'1401','2020-04-24 19:06:10',NULL,NULL,NULL),

(22266,1,75,NULL,'1401','2020-04-24 19:06:10',NULL,NULL,NULL),

(22267,1,76,NULL,'1401','2020-04-24 19:06:10',NULL,NULL,NULL),

(22268,1,77,NULL,'1401','2020-04-24 19:06:10',NULL,NULL,NULL),

(22269,1,78,NULL,'1401','2020-04-24 19:06:10',NULL,NULL,NULL),

(22270,1,79,NULL,'1401','2020-04-24 19:06:10',NULL,NULL,NULL),

(22271,1,80,NULL,'1401','2020-04-24 19:06:10',NULL,NULL,NULL),

(22272,1,81,NULL,'1401','2020-04-24 19:06:10',NULL,NULL,NULL),

(22273,1,82,NULL,'1401','2020-04-24 19:06:10',NULL,NULL,NULL),

(22274,1,83,NULL,'1401','2020-04-24 19:06:10',NULL,NULL,NULL),

(22275,1,84,NULL,'1401','2020-04-24 19:06:10',NULL,NULL,NULL),

(22276,1,85,NULL,'1401','2020-04-24 19:06:10',NULL,NULL,NULL),

(22277,1,86,NULL,'1401','2020-04-24 19:06:10',NULL,NULL,NULL),

(22278,1,87,NULL,'1401','2020-04-24 19:06:10',NULL,NULL,NULL),

(22279,1,88,NULL,'1401','2020-04-24 19:06:10',NULL,NULL,NULL),

(22280,1,89,NULL,'1401','2020-04-24 19:06:10',NULL,NULL,NULL),

(22281,1,90,NULL,'1401','2020-04-24 19:06:10',NULL,NULL,NULL),

(22282,1,91,NULL,'1401','2020-04-24 19:06:10',NULL,NULL,NULL),

(22283,1,92,NULL,'1401','2020-04-24 19:06:10',NULL,NULL,NULL),

(22284,1,93,NULL,'1401','2020-04-24 19:06:10',NULL,NULL,NULL),

(22285,1,94,NULL,'1401','2020-04-24 19:06:10',NULL,NULL,NULL),

(22286,1,95,NULL,'1401','2020-04-24 19:06:10',NULL,NULL,NULL),

(22287,1,96,NULL,'1401','2020-04-24 19:06:10',NULL,NULL,NULL),

(22288,1,97,NULL,'1401','2020-04-24 19:06:10',NULL,NULL,NULL),

(22289,1,98,NULL,'1401','2020-04-24 19:06:10',NULL,NULL,NULL),

(22290,1,99,NULL,'1401','2020-04-24 19:06:10',NULL,NULL,NULL),

(22291,1,100,NULL,'1401','2020-04-24 19:06:10',NULL,NULL,NULL),

(22292,2,1,NULL,'1401','2020-04-24 19:06:10',NULL,NULL,NULL),

(22293,2,2,NULL,'1401','2020-04-24 19:06:10',NULL,NULL,NULL),

(22294,2,3,NULL,'1401','2020-04-24 19:06:10',NULL,NULL,NULL),

(22295,2,4,NULL,'1401','2020-04-24 19:06:10',NULL,NULL,NULL),

(22296,2,5,NULL,'1401','2020-04-24 19:06:10',NULL,NULL,NULL),

(22297,2,6,NULL,'1401','2020-04-24 19:06:10',NULL,NULL,NULL),

(22298,2,7,NULL,'1401','2020-04-24 19:06:10',NULL,NULL,NULL),

(22299,2,8,NULL,'1401','2020-04-24 19:06:10',NULL,NULL,NULL),

(22300,2,9,NULL,'1401','2020-04-24 19:06:10',NULL,NULL,NULL),

(22301,2,10,NULL,'1401','2020-04-24 19:06:10',NULL,NULL,NULL),

(22302,2,11,NULL,'1401','2020-04-24 19:06:10',NULL,NULL,NULL),

(22303,2,12,NULL,'1401','2020-04-24 19:06:10',NULL,NULL,NULL),

(22304,2,13,NULL,'1401','2020-04-24 19:06:10',NULL,NULL,NULL),

(22305,2,14,NULL,'1401','2020-04-24 19:06:10',NULL,NULL,NULL),

(22306,2,15,NULL,'1401','2020-04-24 19:06:10',NULL,NULL,NULL),

(22307,2,16,NULL,'1401','2020-04-24 19:06:10',NULL,NULL,NULL),

(22308,2,17,NULL,'1401','2020-04-24 19:06:10',NULL,NULL,NULL),

(22309,2,18,NULL,'1401','2020-04-24 19:06:10',NULL,NULL,NULL),

(22310,2,19,NULL,'1401','2020-04-24 19:06:10',NULL,NULL,NULL),

(22311,2,20,NULL,'1401','2020-04-24 19:06:10',NULL,NULL,NULL),

(22312,2,21,NULL,'1401','2020-04-24 19:06:10',NULL,NULL,NULL),

(22313,2,22,NULL,'1401','2020-04-24 19:06:10',NULL,NULL,NULL),

(22314,2,23,NULL,'1401','2020-04-24 19:06:10',NULL,NULL,NULL),

(22315,2,24,NULL,'1401','2020-04-24 19:06:10',NULL,NULL,NULL),

(22316,2,25,NULL,'1401','2020-04-24 19:06:10',NULL,NULL,NULL),

(22317,2,26,NULL,'1401','2020-04-24 19:06:10',NULL,NULL,NULL),

(22318,2,27,NULL,'1401','2020-04-24 19:06:10',NULL,NULL,NULL),

(22319,2,28,NULL,'1401','2020-04-24 19:06:10',NULL,NULL,NULL),

(22320,2,29,NULL,'1401','2020-04-24 19:06:10',NULL,NULL,NULL),

(22321,2,30,NULL,'1401','2020-04-24 19:06:10',NULL,NULL,NULL),

(22322,2,31,NULL,'1401','2020-04-24 19:06:10',NULL,NULL,NULL),

(22323,2,32,NULL,'1401','2020-04-24 19:06:10',NULL,NULL,NULL),

(22324,2,33,NULL,'1401','2020-04-24 19:06:10',NULL,NULL,NULL),

(22325,2,34,NULL,'1401','2020-04-24 19:06:10',NULL,NULL,NULL),

(22326,2,35,NULL,'1401','2020-04-24 19:06:10',NULL,NULL,NULL),

(22327,2,36,NULL,'1401','2020-04-24 19:06:10',NULL,NULL,NULL),

(22328,2,37,NULL,'1401','2020-04-24 19:06:10',NULL,NULL,NULL),

(22329,2,38,NULL,'1401','2020-04-24 19:06:10',NULL,NULL,NULL),

(22330,2,39,NULL,'1401','2020-04-24 19:06:10',NULL,NULL,NULL),

(22331,2,40,NULL,'1401','2020-04-24 19:06:10',NULL,NULL,NULL),

(22332,2,41,NULL,'1401','2020-04-24 19:06:10',NULL,NULL,NULL),

(22333,2,42,NULL,'1401','2020-04-24 19:06:10',NULL,NULL,NULL),

(22334,2,43,NULL,'1401','2020-04-24 19:06:10',NULL,NULL,NULL),

(22335,2,44,NULL,'1401','2020-04-24 19:06:10',NULL,NULL,NULL),

(22336,2,45,NULL,'1401','2020-04-24 19:06:10',NULL,NULL,NULL),

(22337,2,46,NULL,'1401','2020-04-24 19:06:10',NULL,NULL,NULL),

(22338,2,47,NULL,'1401','2020-04-24 19:06:10',NULL,NULL,NULL),

(22339,2,48,NULL,'1401','2020-04-24 19:06:10',NULL,NULL,NULL),

(22340,2,49,NULL,'1401','2020-04-24 19:06:10',NULL,NULL,NULL),

(22341,2,50,NULL,'1401','2020-04-24 19:06:10',NULL,NULL,NULL),

(22342,2,51,NULL,'1401','2020-04-24 19:06:10',NULL,NULL,NULL),

(22343,2,52,NULL,'1401','2020-04-24 19:06:10',NULL,NULL,NULL),

(22344,2,53,NULL,'1401','2020-04-24 19:06:10',NULL,NULL,NULL),

(22345,2,54,NULL,'1401','2020-04-24 19:06:10',NULL,NULL,NULL),

(22346,2,55,NULL,'1401','2020-04-24 19:06:10',NULL,NULL,NULL),

(22347,2,56,NULL,'1401','2020-04-24 19:06:10',NULL,NULL,NULL),

(22348,2,57,NULL,'1401','2020-04-24 19:06:10',NULL,NULL,NULL),

(22349,2,58,NULL,'1401','2020-04-24 19:06:10',NULL,NULL,NULL),

(22350,2,59,NULL,'1401','2020-04-24 19:06:10',NULL,NULL,NULL),

(22351,2,60,NULL,'1401','2020-04-24 19:06:10',NULL,NULL,NULL),

(22352,2,61,NULL,'1401','2020-04-24 19:06:10',NULL,NULL,NULL),

(22353,2,62,NULL,'1401','2020-04-24 19:06:10',NULL,NULL,NULL),

(22354,2,63,NULL,'1401','2020-04-24 19:06:10',NULL,NULL,NULL),

(22355,2,64,NULL,'1401','2020-04-24 19:06:10',NULL,NULL,NULL),

(22356,2,65,NULL,'1401','2020-04-24 19:06:10',NULL,NULL,NULL),

(22357,2,66,NULL,'1401','2020-04-24 19:06:10',NULL,NULL,NULL),

(22358,2,67,NULL,'1401','2020-04-24 19:06:10',NULL,NULL,NULL),

(22359,2,68,NULL,'1401','2020-04-24 19:06:10',NULL,NULL,NULL),

(22360,2,69,NULL,'1401','2020-04-24 19:06:10',NULL,NULL,NULL),

(22361,2,70,NULL,'1401','2020-04-24 19:06:10',NULL,NULL,NULL),

(22362,2,71,NULL,'1401','2020-04-24 19:06:10',NULL,NULL,NULL),

(22363,2,72,NULL,'1401','2020-04-24 19:06:10',NULL,NULL,NULL),

(22364,2,73,NULL,'1401','2020-04-24 19:06:10',NULL,NULL,NULL),

(22365,2,74,NULL,'1401','2020-04-24 19:06:10',NULL,NULL,NULL),

(22366,2,75,NULL,'1401','2020-04-24 19:06:10',NULL,NULL,NULL),

(22367,2,76,NULL,'1401','2020-04-24 19:06:10',NULL,NULL,NULL),

(22368,2,77,NULL,'1401','2020-04-24 19:06:10',NULL,NULL,NULL),

(22369,2,78,NULL,'1401','2020-04-24 19:06:10',NULL,NULL,NULL),

(22370,2,79,NULL,'1401','2020-04-24 19:06:10',NULL,NULL,NULL),

(22371,2,80,NULL,'1401','2020-04-24 19:06:10',NULL,NULL,NULL),

(22372,2,81,NULL,'1401','2020-04-24 19:06:10',NULL,NULL,NULL),

(22373,2,82,NULL,'1401','2020-04-24 19:06:10',NULL,NULL,NULL),

(22374,2,83,NULL,'1401','2020-04-24 19:06:10',NULL,NULL,NULL),

(22375,2,84,NULL,'1401','2020-04-24 19:06:10',NULL,NULL,NULL),

(22376,2,85,NULL,'1401','2020-04-24 19:06:10',NULL,NULL,NULL),

(22377,2,86,NULL,'1401','2020-04-24 19:06:10',NULL,NULL,NULL),

(22378,2,87,NULL,'1401','2020-04-24 19:06:10',NULL,NULL,NULL),

(22379,2,88,NULL,'1401','2020-04-24 19:06:10',NULL,NULL,NULL),

(22380,2,89,NULL,'1401','2020-04-24 19:06:10',NULL,NULL,NULL),

(22381,2,90,NULL,'1401','2020-04-24 19:06:10',NULL,NULL,NULL),

(22382,2,91,NULL,'1401','2020-04-24 19:06:10',NULL,NULL,NULL),

(22383,2,92,NULL,'1401','2020-04-24 19:06:10',NULL,NULL,NULL),

(22384,2,93,NULL,'1401','2020-04-24 19:06:10',NULL,NULL,NULL),

(22385,2,94,NULL,'1401','2020-04-24 19:06:10',NULL,NULL,NULL),

(22386,2,95,NULL,'1401','2020-04-24 19:06:10',NULL,NULL,NULL),

(22387,2,96,NULL,'1401','2020-04-24 19:06:10',NULL,NULL,NULL),

(22388,2,97,NULL,'1401','2020-04-24 19:06:10',NULL,NULL,NULL),

(22389,2,98,NULL,'1401','2020-04-24 19:06:10',NULL,NULL,NULL),

(22390,2,99,NULL,'1401','2020-04-24 19:06:10',NULL,NULL,NULL),

(22391,2,100,NULL,'1401','2020-04-24 19:06:10',NULL,NULL,NULL),

(22392,1,25,3424,'1403','2020-04-24 19:06:10','2020-04-24 19:06:10','2020-04-24 19:06:10',NULL),

(22393,1,13,3442,'1403','2020-04-24 19:06:10','2020-04-24 19:06:10','2020-04-24 19:06:10',NULL);

/*Table structure for table `date_info` */

CREATE TABLE IF NOT EXISTS `date_info` (
  `date_id` int(11) NOT NULL,
  `week_id` int(11) DEFAULT NULL,
  `week_day` int(11) DEFAULT NULL,
  `day` int(11) DEFAULT NULL,
  `month` int(11) DEFAULT NULL,
  `quarter` int(11) DEFAULT NULL,
  `year` int(11) DEFAULT NULL,
  `is_workday` int(11) DEFAULT NULL,
  `holiday_id` int(11) DEFAULT NULL,
  PRIMARY KEY (`date_id`)
) ENGINE=InnoDB DEFAULT CHARSET=utf8;

/*Data for the table `date_info` */

insert  into `date_info`(`date_id`,`week_id`,`week_day`,`day`,`month`,`quarter`,`year`,`is_workday`,`holiday_id`) values 

(20190101,1,3,1,1,1,2019,0,1),

(20190102,1,4,2,1,1,2019,0,0),

(20190103,1,5,3,1,1,2019,0,0),

(20190104,1,6,4,1,1,2019,1,0),

(20190105,1,7,5,1,1,2019,1,0),

(20190106,1,1,6,1,1,2019,0,0),

(20190107,2,2,7,1,1,2019,0,0),

(20190108,2,3,8,1,1,2019,0,0),

(20190109,2,4,9,1,1,2019,0,0),

(20190110,2,5,10,1,1,2019,0,0),

(20190111,2,6,11,1,1,2019,1,0),

(20190112,2,7,12,1,1,2019,1,0),

(20190113,2,1,13,1,1,2019,0,0),

(20190114,3,2,14,1,1,2019,0,0),

(20190115,3,3,15,1,1,2019,0,0),

(20190116,3,4,16,1,1,2019,0,0),

(20190117,3,5,17,1,1,2019,0,0),

(20190118,3,6,18,1,1,2019,1,0),

(20190119,3,7,19,1,1,2019,1,0),

(20190120,3,1,20,1,1,2019,0,0),

(20190121,4,2,21,1,1,2019,0,0),

(20190122,4,3,22,1,1,2019,0,0),

(20190123,4,4,23,1,1,2019,0,0),

(20190124,4,5,24,1,1,2019,0,0),

(20190125,4,6,25,1,1,2019,1,0),

(20190126,4,7,26,1,1,2019,1,0),

(20190127,4,1,27,1,1,2019,0,0),

(20190128,5,2,28,1,1,2019,0,0),

(20190129,5,3,29,1,1,2019,0,0),

(20190130,5,4,30,1,1,2019,0,0),

(20190131,5,5,31,1,1,2019,0,0),

(20190201,5,6,1,2,1,2019,1,0),

(20190202,5,7,2,2,1,2019,1,0),

(20190203,5,1,3,2,1,2019,0,0),

(20190204,6,2,4,2,1,2019,0,2),

(20190205,6,3,5,2,1,2019,0,2),

(20190206,6,4,6,2,1,2019,0,2),

(20190207,6,5,7,2,1,2019,0,2),

(20190208,6,6,8,2,1,2019,1,2),

(20190209,6,7,9,2,1,2019,1,2),

(20190210,6,1,10,2,1,2019,0,2),

(20190211,7,2,11,2,1,2019,0,0),

(20190212,7,3,12,2,1,2019,0,0),

(20190213,7,4,13,2,1,2019,0,0),

(20190214,7,5,14,2,1,2019,0,0),

(20190215,7,6,15,2,1,2019,1,0),

(20190216,7,7,16,2,1,2019,1,0),

(20190217,7,1,17,2,1,2019,0,0),

(20190218,8,2,18,2,1,2019,0,0),

(20190219,8,3,19,2,1,2019,0,0),

(20190220,8,4,20,2,1,2019,0,0),

(20190221,8,5,21,2,1,2019,0,0),

(20190222,8,6,22,2,1,2019,1,0),

(20190223,8,7,23,2,1,2019,1,0),

(20190224,8,1,24,2,1,2019,0,0),

(20190225,9,2,25,2,1,2019,0,0),

(20190226,9,3,26,2,1,2019,0,0),

(20190227,9,4,27,2,1,2019,0,0),

(20190228,9,5,28,2,1,2019,0,0),

(20190301,9,6,1,3,1,2019,1,0),

(20190302,9,7,2,3,1,2019,1,0),

(20190303,9,1,3,3,1,2019,0,0),

(20190304,10,2,4,3,1,2019,0,0),

(20190305,10,3,5,3,1,2019,0,0),

(20190306,10,4,6,3,1,2019,0,0),

(20190307,10,5,7,3,1,2019,0,0),

(20190308,10,6,8,3,1,2019,1,0),

(20190309,10,7,9,3,1,2019,1,0),

(20190310,10,1,10,3,1,2019,0,0),

(20190311,11,2,11,3,1,2019,0,0),

(20190312,11,3,12,3,1,2019,0,0),

(20190313,11,4,13,3,1,2019,0,0),

(20190314,11,5,14,3,1,2019,0,0),

(20190315,11,6,15,3,1,2019,1,0),

(20190316,11,7,16,3,1,2019,1,0),

(20190317,11,1,17,3,1,2019,0,0),

(20190318,12,2,18,3,1,2019,0,0),

(20190319,12,3,19,3,1,2019,0,0),

(20190320,12,4,20,3,1,2019,0,0),

(20190321,12,5,21,3,1,2019,0,0),

(20190322,12,6,22,3,1,2019,1,0),

(20190323,12,7,23,3,1,2019,1,0),

(20190324,12,1,24,3,1,2019,0,0),

(20190325,13,2,25,3,1,2019,0,0),

(20190326,13,3,26,3,1,2019,0,0),

(20190327,13,4,27,3,1,2019,0,0),

(20190328,13,5,28,3,1,2019,0,0),

(20190329,13,6,29,3,1,2019,1,0),

(20190330,13,7,30,3,1,2019,1,0),

(20190331,13,1,31,3,1,2019,0,0),

(20190401,14,2,1,4,2,2019,0,0),

(20190402,14,3,2,4,2,2019,0,0),

(20190403,14,4,3,4,2,2019,0,0),

(20190404,14,5,4,4,2,2019,0,0),

(20190405,14,6,5,4,2,2019,1,3),

(20190406,14,7,6,4,2,2019,1,3),

(20190407,14,1,7,4,2,2019,0,3),

(20190408,15,2,8,4,2,2019,0,0),

(20190409,15,3,9,4,2,2019,0,0),

(20190410,15,4,10,4,2,2019,0,0),

(20190411,15,5,11,4,2,2019,0,0),

(20190412,15,6,12,4,2,2019,1,0),

(20190413,15,7,13,4,2,2019,1,0),

(20190414,15,1,14,4,2,2019,0,0),

(20190415,16,2,15,4,2,2019,0,0),

(20190416,16,3,16,4,2,2019,0,0),

(20190417,16,4,17,4,2,2019,0,0),

(20190418,16,5,18,4,2,2019,0,0),

(20190419,16,6,19,4,2,2019,1,0),

(20190420,16,7,20,4,2,2019,1,0),

(20190421,16,1,21,4,2,2019,0,0),

(20190422,17,2,22,4,2,2019,0,0),

(20190423,17,3,23,4,2,2019,0,0),

(20190424,17,4,24,4,2,2019,0,0),

(20190425,17,5,25,4,2,2019,0,0),

(20190426,17,6,26,4,2,2019,1,0),

(20190427,17,7,27,4,2,2019,1,0),

(20190428,17,1,28,4,2,2019,0,0),

(20190429,18,2,29,4,2,2019,0,4),

(20190430,18,3,30,4,2,2019,0,4),

(20190501,18,4,1,5,2,2019,0,4),

(20190502,18,5,2,5,2,2019,0,0),

(20190503,18,6,3,5,2,2019,1,0),

(20190504,18,7,4,5,2,2019,1,0),

(20190505,18,1,5,5,2,2019,0,0),

(20190506,19,2,6,5,2,2019,0,0),

(20190507,19,3,7,5,2,2019,0,0),

(20190508,19,4,8,5,2,2019,0,0),

(20190509,19,5,9,5,2,2019,0,0),

(20190510,19,6,10,5,2,2019,1,0),

(20190511,19,7,11,5,2,2019,1,0),

(20190512,19,1,12,5,2,2019,0,0),

(20190513,20,2,13,5,2,2019,0,0),

(20190514,20,3,14,5,2,2019,0,0),

(20190515,20,4,15,5,2,2019,0,0),

(20190516,20,5,16,5,2,2019,0,0),

(20190517,20,6,17,5,2,2019,1,0),

(20190518,20,7,18,5,2,2019,1,0),

(20190519,20,1,19,5,2,2019,0,0),

(20190520,21,2,20,5,2,2019,0,0),

(20190521,21,3,21,5,2,2019,0,0),

(20190522,21,4,22,5,2,2019,0,0),

(20190523,21,5,23,5,2,2019,0,0),

(20190524,21,6,24,5,2,2019,1,0),

(20190525,21,7,25,5,2,2019,1,0),

(20190526,21,1,26,5,2,2019,0,0),

(20190527,22,2,27,5,2,2019,0,0),

(20190528,22,3,28,5,2,2019,0,0),

(20190529,22,4,29,5,2,2019,0,0),

(20190530,22,5,30,5,2,2019,0,0),

(20190531,22,6,31,5,2,2019,1,0),

(20190601,22,7,1,6,2,2019,1,0),

(20190602,22,1,2,6,2,2019,0,0),

(20190603,23,2,3,6,2,2019,0,0),

(20190604,23,3,4,6,2,2019,0,0),

(20190605,23,4,5,6,2,2019,0,0),

(20190606,23,5,6,6,2,2019,0,0),

(20190607,23,6,7,6,2,2019,1,5),

(20190608,23,7,8,6,2,2019,1,5),

(20190609,23,1,9,6,2,2019,0,5),

(20190610,24,2,10,6,2,2019,0,0),

(20190611,24,3,11,6,2,2019,0,0),

(20190612,24,4,12,6,2,2019,0,0),

(20190613,24,5,13,6,2,2019,0,0),

(20190614,24,6,14,6,2,2019,1,0),

(20190615,24,7,15,6,2,2019,1,0),

(20190616,24,1,16,6,2,2019,0,0),

(20190617,25,2,17,6,2,2019,0,0),

(20190618,25,3,18,6,2,2019,0,0),

(20190619,25,4,19,6,2,2019,0,0),

(20190620,25,5,20,6,2,2019,0,0),

(20190621,25,6,21,6,2,2019,1,0),

(20190622,25,7,22,6,2,2019,1,0),

(20190623,25,1,23,6,2,2019,0,0),

(20190624,26,2,24,6,2,2019,0,0),

(20190625,26,3,25,6,2,2019,0,0),

(20190626,26,4,26,6,2,2019,0,0),

(20190627,26,5,27,6,2,2019,0,0),

(20190628,26,6,28,6,2,2019,1,0),

(20190629,26,7,29,6,2,2019,1,0),

(20190630,26,1,30,6,2,2019,0,0),

(20190701,27,2,1,7,3,2019,0,0),

(20190702,27,3,2,7,3,2019,0,0),

(20190703,27,4,3,7,3,2019,0,0),

(20190704,27,5,4,7,3,2019,0,0),

(20190705,27,6,5,7,3,2019,1,0),

(20190706,27,7,6,7,3,2019,1,0),

(20190707,27,1,7,7,3,2019,0,0),

(20190708,28,2,8,7,3,2019,0,0),

(20190709,28,3,9,7,3,2019,0,0),

(20190710,28,4,10,7,3,2019,0,0),

(20190711,28,5,11,7,3,2019,0,0),

(20190712,28,6,12,7,3,2019,1,0),

(20190713,28,7,13,7,3,2019,1,0),

(20190714,28,1,14,7,3,2019,0,0),

(20190715,29,2,15,7,3,2019,0,0),

(20190716,29,3,16,7,3,2019,0,0),

(20190717,29,4,17,7,3,2019,0,0),

(20190718,29,5,18,7,3,2019,0,0),

(20190719,29,6,19,7,3,2019,1,0),

(20190720,29,7,20,7,3,2019,1,0),

(20190721,29,1,21,7,3,2019,0,0),

(20190722,30,2,22,7,3,2019,0,0),

(20190723,30,3,23,7,3,2019,0,0),

(20190724,30,4,24,7,3,2019,0,0),

(20190725,30,5,25,7,3,2019,0,0),

(20190726,30,6,26,7,3,2019,1,0),

(20190727,30,7,27,7,3,2019,1,0),

(20190728,30,1,28,7,3,2019,0,0),

(20190729,31,2,29,7,3,2019,0,0),

(20190730,31,3,30,7,3,2019,0,0),

(20190731,31,4,31,7,3,2019,0,0),

(20190801,31,5,1,8,3,2019,0,0),

(20190802,31,6,2,8,3,2019,1,0),

(20190803,31,7,3,8,3,2019,1,0),

(20190804,31,1,4,8,3,2019,0,0),

(20190805,32,2,5,8,3,2019,0,0),

(20190806,32,3,6,8,3,2019,0,0),

(20190807,32,4,7,8,3,2019,0,0),

(20190808,32,5,8,8,3,2019,0,0),

(20190809,32,6,9,8,3,2019,1,0),

(20190810,32,7,10,8,3,2019,1,0),

(20190811,32,1,11,8,3,2019,0,0),

(20190812,33,2,12,8,3,2019,0,0),

(20190813,33,3,13,8,3,2019,0,0),

(20190814,33,4,14,8,3,2019,0,0),

(20190815,33,5,15,8,3,2019,0,0),

(20190816,33,6,16,8,3,2019,1,0),

(20190817,33,7,17,8,3,2019,1,0),

(20190818,33,1,18,8,3,2019,0,0),

(20190819,34,2,19,8,3,2019,0,0),

(20190820,34,3,20,8,3,2019,0,0),

(20190821,34,4,21,8,3,2019,0,0),

(20190822,34,5,22,8,3,2019,0,0),

(20190823,34,6,23,8,3,2019,1,0),

(20190824,34,7,24,8,3,2019,1,0),

(20190825,34,1,25,8,3,2019,0,0),

(20190826,35,2,26,8,3,2019,0,0),

(20190827,35,3,27,8,3,2019,0,0),

(20190828,35,4,28,8,3,2019,0,0),

(20190829,35,5,29,8,3,2019,0,0),

(20190830,35,6,30,8,3,2019,1,0),

(20190831,35,7,31,8,3,2019,1,0),

(20190901,35,1,1,9,3,2019,0,0),

(20190902,36,2,2,9,3,2019,0,0),

(20190903,36,3,3,9,3,2019,0,0),

(20190904,36,4,4,9,3,2019,0,0),

(20190905,36,5,5,9,3,2019,0,0),

(20190906,36,6,6,9,3,2019,1,0),

(20190907,36,7,7,9,3,2019,1,0),

(20190908,36,1,8,9,3,2019,0,0),

(20190909,37,2,9,9,3,2019,0,0),

(20190910,37,3,10,9,3,2019,0,0),

(20190911,37,4,11,9,3,2019,0,0),

(20190912,37,5,12,9,3,2019,0,0),

(20190913,37,6,13,9,3,2019,1,6),

(20190914,37,7,14,9,3,2019,1,6),

(20190915,37,1,15,9,3,2019,0,6),

(20190916,38,2,16,9,3,2019,0,0),

(20190917,38,3,17,9,3,2019,0,0),

(20190918,38,4,18,9,3,2019,0,0),

(20190919,38,5,19,9,3,2019,0,0),

(20190920,38,6,20,9,3,2019,1,0),

(20190921,38,7,21,9,3,2019,1,0),

(20190922,38,1,22,9,3,2019,0,0),

(20190923,39,2,23,9,3,2019,0,0),

(20190924,39,3,24,9,3,2019,0,0),

(20190925,39,4,25,9,3,2019,0,0),

(20190926,39,5,26,9,3,2019,0,0),

(20190927,39,6,27,9,3,2019,1,0),

(20190928,39,7,28,9,3,2019,1,0),

(20190929,39,1,29,9,3,2019,0,0),

(20190930,40,2,30,9,3,2019,0,0),

(20191001,40,3,1,10,4,2019,0,7),

(20191002,40,4,2,10,4,2019,0,7),

(20191003,40,5,3,10,4,2019,0,7),

(20191004,40,6,4,10,4,2019,1,7),

(20191005,40,7,5,10,4,2019,1,7),

(20191006,40,1,6,10,4,2019,0,7),

(20191007,41,2,7,10,4,2019,0,7),

(20191008,41,3,8,10,4,2019,0,0),

(20191009,41,4,9,10,4,2019,0,0),

(20191010,41,5,10,10,4,2019,0,0),

(20191011,41,6,11,10,4,2019,1,0),

(20191012,41,7,12,10,4,2019,1,0),

(20191013,41,1,13,10,4,2019,0,0),

(20191014,42,2,14,10,4,2019,0,0),

(20191015,42,3,15,10,4,2019,0,0),

(20191016,42,4,16,10,4,2019,0,0),

(20191017,42,5,17,10,4,2019,0,0),

(20191018,42,6,18,10,4,2019,1,0),

(20191019,42,7,19,10,4,2019,1,0),

(20191020,42,1,20,10,4,2019,0,0),

(20191021,43,2,21,10,4,2019,0,0),

(20191022,43,3,22,10,4,2019,0,0),

(20191023,43,4,23,10,4,2019,0,0),

(20191024,43,5,24,10,4,2019,0,0),

(20191025,43,6,25,10,4,2019,1,0),

(20191026,43,7,26,10,4,2019,1,0),

(20191027,43,1,27,10,4,2019,0,0),

(20191028,44,2,28,10,4,2019,0,0),

(20191029,44,3,29,10,4,2019,0,0),

(20191030,44,4,30,10,4,2019,0,0),

(20191031,44,5,31,10,4,2019,0,0),

(20191101,44,6,1,11,4,2019,1,0),

(20191102,44,7,2,11,4,2019,1,0),

(20191103,44,1,3,11,4,2019,0,0),

(20191104,45,2,4,11,4,2019,0,0),

(20191105,45,3,5,11,4,2019,0,0),

(20191106,45,4,6,11,4,2019,0,0),

(20191107,45,5,7,11,4,2019,0,0),

(20191108,45,6,8,11,4,2019,1,0),

(20191109,45,7,9,11,4,2019,1,0),

(20191110,45,1,10,11,4,2019,0,0),

(20191111,46,2,11,11,4,2019,0,0),

(20191112,46,3,12,11,4,2019,0,0),

(20191113,46,4,13,11,4,2019,0,0),

(20191114,46,5,14,11,4,2019,0,0),

(20191115,46,6,15,11,4,2019,1,0),

(20191116,46,7,16,11,4,2019,1,0),

(20191117,46,1,17,11,4,2019,0,0),

(20191118,47,2,18,11,4,2019,0,0),

(20191119,47,3,19,11,4,2019,0,0),

(20191120,47,4,20,11,4,2019,0,0),

(20191121,47,5,21,11,4,2019,0,0),

(20191122,47,6,22,11,4,2019,1,0),

(20191123,47,7,23,11,4,2019,1,0),

(20191124,47,1,24,11,4,2019,0,0),

(20191125,48,2,25,11,4,2019,0,0),

(20191126,48,3,26,11,4,2019,0,0),

(20191127,48,4,27,11,4,2019,0,0),

(20191128,48,5,28,11,4,2019,0,0),

(20191129,48,6,29,11,4,2019,1,0),

(20191130,48,7,30,11,4,2019,1,0),

(20191201,48,1,1,12,4,2019,0,0),

(20191202,49,2,2,12,4,2019,0,0),

(20191203,49,3,3,12,4,2019,0,0),

(20191204,49,4,4,12,4,2019,0,0),

(20191205,49,5,5,12,4,2019,0,0),

(20191206,49,6,6,12,4,2019,1,0),

(20191207,49,7,7,12,4,2019,1,0),

(20191208,49,1,8,12,4,2019,0,0),

(20191209,50,2,9,12,4,2019,0,0),

(20191210,50,3,10,12,4,2019,0,0),

(20191211,50,4,11,12,4,2019,0,0),

(20191212,50,5,12,12,4,2019,0,0),

(20191213,50,6,13,12,4,2019,1,0),

(20191214,50,7,14,12,4,2019,1,0),

(20191215,50,1,15,12,4,2019,0,0),

(20191216,51,2,16,12,4,2019,0,0),

(20191217,51,3,17,12,4,2019,0,0),

(20191218,51,4,18,12,4,2019,0,0),

(20191219,51,5,19,12,4,2019,0,0),

(20191220,51,6,20,12,4,2019,1,0),

(20191221,51,7,21,12,4,2019,1,0),

(20191222,51,1,22,12,4,2019,0,0),

(20191223,52,2,23,12,4,2019,0,0),

(20191224,52,3,24,12,4,2019,0,0),

(20191225,52,4,25,12,4,2019,0,0),

(20191226,52,5,26,12,4,2019,0,0),

(20191227,52,6,27,12,4,2019,1,0),

(20191228,52,7,28,12,4,2019,1,0),

(20191229,52,1,29,12,4,2019,0,0),

(20191230,1,2,30,12,4,2019,0,0),

(20191231,1,3,31,12,4,2019,0,0),

(20200101,1,4,1,1,1,2020,0,0),

(20200102,1,5,2,1,1,2020,0,0),

(20200103,1,6,3,1,1,2020,1,0),

(20200104,1,7,4,1,1,2020,1,0),

(20200105,1,1,5,1,1,2020,0,0),

(20200106,2,2,6,1,1,2020,0,0),

(20200107,2,3,7,1,1,2020,0,0),

(20200108,2,4,8,1,1,2020,0,0),

(20200109,2,5,9,1,1,2020,0,0),

(20200110,2,6,10,1,1,2020,1,0),

(20200111,2,7,11,1,1,2020,1,0),

(20200112,2,1,12,1,1,2020,0,0),

(20200113,3,2,13,1,1,2020,0,0),

(20200114,3,3,14,1,1,2020,0,0),

(20200115,3,4,15,1,1,2020,0,0),

(20200116,3,5,16,1,1,2020,0,0),

(20200117,3,6,17,1,1,2020,1,0),

(20200118,3,7,18,1,1,2020,1,0),

(20200119,3,1,19,1,1,2020,0,0),

(20200120,4,2,20,1,1,2020,0,0),

(20200121,4,3,21,1,1,2020,0,0),

(20200122,4,4,22,1,1,2020,0,0),

(20200123,4,5,23,1,1,2020,0,0),

(20200124,4,6,24,1,1,2020,1,0),

(20200125,4,7,25,1,1,2020,1,0),

(20200126,4,1,26,1,1,2020,0,0),

(20200127,5,2,27,1,1,2020,0,0),

(20200128,5,3,28,1,1,2020,0,0),

(20200129,5,4,29,1,1,2020,0,0),

(20200130,5,5,30,1,1,2020,0,0),

(20200131,5,6,31,1,1,2020,1,0),

(20200201,5,7,1,2,1,2020,1,0),

(20200202,5,1,2,2,1,2020,0,0),

(20200203,6,2,3,2,1,2020,0,0),

(20200204,6,3,4,2,1,2020,0,0),

(20200205,6,4,5,2,1,2020,0,0),

(20200206,6,5,6,2,1,2020,0,0),

(20200207,6,6,7,2,1,2020,1,0),

(20200208,6,7,8,2,1,2020,1,0),

(20200209,6,1,9,2,1,2020,0,0),

(20200210,7,2,10,2,1,2020,0,0),

(20200211,7,3,11,2,1,2020,0,0),

(20200212,7,4,12,2,1,2020,0,0),

(20200213,7,5,13,2,1,2020,0,0),

(20200214,7,6,14,2,1,2020,1,0),

(20200215,7,7,15,2,1,2020,1,0),

(20200216,7,1,16,2,1,2020,0,0),

(20200217,8,2,17,2,1,2020,0,0),

(20200218,8,3,18,2,1,2020,0,0),

(20200219,8,4,19,2,1,2020,0,0),

(20200220,8,5,20,2,1,2020,0,0),

(20200221,8,6,21,2,1,2020,1,0),

(20200222,8,7,22,2,1,2020,1,0),

(20200223,8,1,23,2,1,2020,0,0),

(20200224,9,2,24,2,1,2020,0,0),

(20200225,9,3,25,2,1,2020,0,0),

(20200226,9,4,26,2,1,2020,0,0),

(20200227,9,5,27,2,1,2020,0,0),

(20200228,9,6,28,2,1,2020,1,0),

(20200229,9,7,29,2,1,2020,1,0),

(20200301,9,1,1,3,1,2020,0,0),

(20200302,10,2,2,3,1,2020,0,0),

(20200303,10,3,3,3,1,2020,0,0),

(20200304,10,4,4,3,1,2020,0,0),

(20200305,10,5,5,3,1,2020,0,0),

(20200306,10,6,6,3,1,2020,1,0),

(20200307,10,7,7,3,1,2020,1,0),

(20200308,10,1,8,3,1,2020,0,0),

(20200309,11,2,9,3,1,2020,0,0),

(20200310,11,3,10,3,1,2020,0,0),

(20200311,11,4,11,3,1,2020,0,0),

(20200312,11,5,12,3,1,2020,0,0),

(20200313,11,6,13,3,1,2020,1,0),

(20200314,11,7,14,3,1,2020,1,0),

(20200315,11,1,15,3,1,2020,0,0),

(20200316,12,2,16,3,1,2020,0,0),

(20200317,12,3,17,3,1,2020,0,0),

(20200318,12,4,18,3,1,2020,0,0),

(20200319,12,5,19,3,1,2020,0,0),

(20200320,12,6,20,3,1,2020,1,0),

(20200321,12,7,21,3,1,2020,1,0),

(20200322,12,1,22,3,1,2020,0,0),

(20200323,13,2,23,3,1,2020,0,0),

(20200324,13,3,24,3,1,2020,0,0),

(20200325,13,4,25,3,1,2020,0,0),

(20200326,13,5,26,3,1,2020,0,0),

(20200327,13,6,27,3,1,2020,1,0),

(20200328,13,7,28,3,1,2020,1,0),

(20200329,13,1,29,3,1,2020,0,0),

(20200330,14,2,30,3,1,2020,0,0),

(20200331,14,3,31,3,1,2020,0,0),

(20200401,14,4,1,4,2,2020,0,0),

(20200402,14,5,2,4,2,2020,0,0),

(20200403,14,6,3,4,2,2020,1,0),

(20200404,14,7,4,4,2,2020,1,0),

(20200405,14,1,5,4,2,2020,0,0),

(20200406,15,2,6,4,2,2020,0,0),

(20200407,15,3,7,4,2,2020,0,0),

(20200408,15,4,8,4,2,2020,0,0),

(20200409,15,5,9,4,2,2020,0,0),

(20200410,15,6,10,4,2,2020,1,0),

(20200411,15,7,11,4,2,2020,1,0),

(20200412,15,1,12,4,2,2020,0,0),

(20200413,16,2,13,4,2,2020,0,0),

(20200414,16,3,14,4,2,2020,0,0),

(20200415,16,4,15,4,2,2020,0,0),

(20200416,16,5,16,4,2,2020,0,0),

(20200417,16,6,17,4,2,2020,1,0),

(20200418,16,7,18,4,2,2020,1,0),

(20200419,16,1,19,4,2,2020,0,0),

(20200420,17,2,20,4,2,2020,0,0),

(20200421,17,3,21,4,2,2020,0,0),

(20200422,17,4,22,4,2,2020,0,0),

(20200423,17,5,23,4,2,2020,0,0),

(20200424,17,6,24,4,2,2020,1,0),

(20200425,17,7,25,4,2,2020,1,0),

(20200426,17,1,26,4,2,2020,0,0),

(20200427,18,2,27,4,2,2020,0,0),

(20200428,18,3,28,4,2,2020,0,0),

(20200429,18,4,29,4,2,2020,0,0),

(20200430,18,5,30,4,2,2020,0,0),

(20200501,18,6,1,5,2,2020,1,0),

(20200502,18,7,2,5,2,2020,1,0),

(20200503,18,1,3,5,2,2020,0,0),

(20200504,19,2,4,5,2,2020,0,0),

(20200505,19,3,5,5,2,2020,0,0),

(20200506,19,4,6,5,2,2020,0,0),

(20200507,19,5,7,5,2,2020,0,0),

(20200508,19,6,8,5,2,2020,1,0),

(20200509,19,7,9,5,2,2020,1,0),

(20200510,19,1,10,5,2,2020,0,0),

(20200511,20,2,11,5,2,2020,0,0),

(20200512,20,3,12,5,2,2020,0,0),

(20200513,20,4,13,5,2,2020,0,0),

(20200514,20,5,14,5,2,2020,0,0),

(20200515,20,6,15,5,2,2020,1,0),

(20200516,20,7,16,5,2,2020,1,0),

(20200517,20,1,17,5,2,2020,0,0),

(20200518,21,2,18,5,2,2020,0,0),

(20200519,21,3,19,5,2,2020,0,0),

(20200520,21,4,20,5,2,2020,0,0),

(20200521,21,5,21,5,2,2020,0,0),

(20200522,21,6,22,5,2,2020,1,0),

(20200523,21,7,23,5,2,2020,1,0),

(20200524,21,1,24,5,2,2020,0,0),

(20200525,22,2,25,5,2,2020,0,0),

(20200526,22,3,26,5,2,2020,0,0),

(20200527,22,4,27,5,2,2020,0,0),

(20200528,22,5,28,5,2,2020,0,0),

(20200529,22,6,29,5,2,2020,1,0),

(20200530,22,7,30,5,2,2020,1,0),

(20200531,22,1,31,5,2,2020,0,0),

(20200601,23,2,1,6,2,2020,0,0),

(20200602,23,3,2,6,2,2020,0,0),

(20200603,23,4,3,6,2,2020,0,0),

(20200604,23,5,4,6,2,2020,0,0),

(20200605,23,6,5,6,2,2020,1,0),

(20200606,23,7,6,6,2,2020,1,0),

(20200607,23,1,7,6,2,2020,0,0),

(20200608,24,2,8,6,2,2020,0,0),

(20200609,24,3,9,6,2,2020,0,0),

(20200610,24,4,10,6,2,2020,0,0),

(20200611,24,5,11,6,2,2020,0,0),

(20200612,24,6,12,6,2,2020,1,0),

(20200613,24,7,13,6,2,2020,1,0),

(20200614,24,1,14,6,2,2020,0,0),

(20200615,25,2,15,6,2,2020,0,0),

(20200616,25,3,16,6,2,2020,0,0),

(20200617,25,4,17,6,2,2020,0,0),

(20200618,25,5,18,6,2,2020,0,0),

(20200619,25,6,19,6,2,2020,1,0),

(20200620,25,7,20,6,2,2020,1,0),

(20200621,25,1,21,6,2,2020,0,0),

(20200622,26,2,22,6,2,2020,0,0),

(20200623,26,3,23,6,2,2020,0,0),

(20200624,26,4,24,6,2,2020,0,0),

(20200625,26,5,25,6,2,2020,0,0),

(20200626,26,6,26,6,2,2020,1,0),

(20200627,26,7,27,6,2,2020,1,0),

(20200628,26,1,28,6,2,2020,0,0),

(20200629,27,2,29,6,2,2020,0,0),

(20200630,27,3,30,6,2,2020,0,0),

(20200701,27,4,1,7,3,2020,0,0),

(20200702,27,5,2,7,3,2020,0,0),

(20200703,27,6,3,7,3,2020,1,0),

(20200704,27,7,4,7,3,2020,1,0),

(20200705,27,1,5,7,3,2020,0,0),

(20200706,28,2,6,7,3,2020,0,0),

(20200707,28,3,7,7,3,2020,0,0),

(20200708,28,4,8,7,3,2020,0,0),

(20200709,28,5,9,7,3,2020,0,0),

(20200710,28,6,10,7,3,2020,1,0),

(20200711,28,7,11,7,3,2020,1,0),

(20200712,28,1,12,7,3,2020,0,0),

(20200713,29,2,13,7,3,2020,0,0),

(20200714,29,3,14,7,3,2020,0,0),

(20200715,29,4,15,7,3,2020,0,0),

(20200716,29,5,16,7,3,2020,0,0),

(20200717,29,6,17,7,3,2020,1,0),

(20200718,29,7,18,7,3,2020,1,0),

(20200719,29,1,19,7,3,2020,0,0),

(20200720,30,2,20,7,3,2020,0,0),

(20200721,30,3,21,7,3,2020,0,0),

(20200722,30,4,22,7,3,2020,0,0),

(20200723,30,5,23,7,3,2020,0,0),

(20200724,30,6,24,7,3,2020,1,0),

(20200725,30,7,25,7,3,2020,1,0),

(20200726,30,1,26,7,3,2020,0,0),

(20200727,31,2,27,7,3,2020,0,0),

(20200728,31,3,28,7,3,2020,0,0),

(20200729,31,4,29,7,3,2020,0,0),

(20200730,31,5,30,7,3,2020,0,0),

(20200731,31,6,31,7,3,2020,1,0),

(20200801,31,7,1,8,3,2020,1,0),

(20200802,31,1,2,8,3,2020,0,0),

(20200803,32,2,3,8,3,2020,0,0),

(20200804,32,3,4,8,3,2020,0,0),

(20200805,32,4,5,8,3,2020,0,0),

(20200806,32,5,6,8,3,2020,0,0),

(20200807,32,6,7,8,3,2020,1,0),

(20200808,32,7,8,8,3,2020,1,0),

(20200809,32,1,9,8,3,2020,0,0),

(20200810,33,2,10,8,3,2020,0,0),

(20200811,33,3,11,8,3,2020,0,0),

(20200812,33,4,12,8,3,2020,0,0),

(20200813,33,5,13,8,3,2020,0,0),

(20200814,33,6,14,8,3,2020,1,0),

(20200815,33,7,15,8,3,2020,1,0),

(20200816,33,1,16,8,3,2020,0,0),

(20200817,34,2,17,8,3,2020,0,0),

(20200818,34,3,18,8,3,2020,0,0),

(20200819,34,4,19,8,3,2020,0,0),

(20200820,34,5,20,8,3,2020,0,0),

(20200821,34,6,21,8,3,2020,1,0),

(20200822,34,7,22,8,3,2020,1,0),

(20200823,34,1,23,8,3,2020,0,0),

(20200824,35,2,24,8,3,2020,0,0),

(20200825,35,3,25,8,3,2020,0,0),

(20200826,35,4,26,8,3,2020,0,0),

(20200827,35,5,27,8,3,2020,0,0),

(20200828,35,6,28,8,3,2020,1,0),

(20200829,35,7,29,8,3,2020,1,0),

(20200830,35,1,30,8,3,2020,0,0),

(20200831,36,2,31,8,3,2020,0,0),

(20200901,36,3,1,9,3,2020,0,0),

(20200902,36,4,2,9,3,2020,0,0),

(20200903,36,5,3,9,3,2020,0,0),

(20200904,36,6,4,9,3,2020,1,0),

(20200905,36,7,5,9,3,2020,1,0),

(20200906,36,1,6,9,3,2020,0,0),

(20200907,37,2,7,9,3,2020,0,0),

(20200908,37,3,8,9,3,2020,0,0),

(20200909,37,4,9,9,3,2020,0,0),

(20200910,37,5,10,9,3,2020,0,0),

(20200911,37,6,11,9,3,2020,1,0),

(20200912,37,7,12,9,3,2020,1,0),

(20200913,37,1,13,9,3,2020,0,0),

(20200914,38,2,14,9,3,2020,0,0),

(20200915,38,3,15,9,3,2020,0,0),

(20200916,38,4,16,9,3,2020,0,0),

(20200917,38,5,17,9,3,2020,0,0),

(20200918,38,6,18,9,3,2020,1,0),

(20200919,38,7,19,9,3,2020,1,0),

(20200920,38,1,20,9,3,2020,0,0),

(20200921,39,2,21,9,3,2020,0,0),

(20200922,39,3,22,9,3,2020,0,0),

(20200923,39,4,23,9,3,2020,0,0),

(20200924,39,5,24,9,3,2020,0,0),

(20200925,39,6,25,9,3,2020,1,0),

(20200926,39,7,26,9,3,2020,1,0),

(20200927,39,1,27,9,3,2020,0,0),

(20200928,40,2,28,9,3,2020,0,0),

(20200929,40,3,29,9,3,2020,0,0),

(20200930,40,4,30,9,3,2020,0,0),

(20201001,40,5,1,10,4,2020,0,0),

(20201002,40,6,2,10,4,2020,1,0),

(20201003,40,7,3,10,4,2020,1,0),

(20201004,40,1,4,10,4,2020,0,0),

(20201005,41,2,5,10,4,2020,0,0),

(20201006,41,3,6,10,4,2020,0,0),

(20201007,41,4,7,10,4,2020,0,0),

(20201008,41,5,8,10,4,2020,0,0),

(20201009,41,6,9,10,4,2020,1,0),

(20201010,41,7,10,10,4,2020,1,0),

(20201011,41,1,11,10,4,2020,0,0),

(20201012,42,2,12,10,4,2020,0,0),

(20201013,42,3,13,10,4,2020,0,0),

(20201014,42,4,14,10,4,2020,0,0),

(20201015,42,5,15,10,4,2020,0,0),

(20201016,42,6,16,10,4,2020,1,0),

(20201017,42,7,17,10,4,2020,1,0),

(20201018,42,1,18,10,4,2020,0,0),

(20201019,43,2,19,10,4,2020,0,0),

(20201020,43,3,20,10,4,2020,0,0),

(20201021,43,4,21,10,4,2020,0,0),

(20201022,43,5,22,10,4,2020,0,0),

(20201023,43,6,23,10,4,2020,1,0),

(20201024,43,7,24,10,4,2020,1,0),

(20201025,43,1,25,10,4,2020,0,0),

(20201026,44,2,26,10,4,2020,0,0),

(20201027,44,3,27,10,4,2020,0,0),

(20201028,44,4,28,10,4,2020,0,0),

(20201029,44,5,29,10,4,2020,0,0),

(20201030,44,6,30,10,4,2020,1,0),

(20201031,44,7,31,10,4,2020,1,0),

(20201101,44,1,1,11,4,2020,0,0),

(20201102,45,2,2,11,4,2020,0,0),

(20201103,45,3,3,11,4,2020,0,0),

(20201104,45,4,4,11,4,2020,0,0),

(20201105,45,5,5,11,4,2020,0,0),

(20201106,45,6,6,11,4,2020,1,0),

(20201107,45,7,7,11,4,2020,1,0),

(20201108,45,1,8,11,4,2020,0,0),

(20201109,46,2,9,11,4,2020,0,0),

(20201110,46,3,10,11,4,2020,0,0),

(20201111,46,4,11,11,4,2020,0,0),

(20201112,46,5,12,11,4,2020,0,0),

(20201113,46,6,13,11,4,2020,1,0),

(20201114,46,7,14,11,4,2020,1,0),

(20201115,46,1,15,11,4,2020,0,0),

(20201116,47,2,16,11,4,2020,0,0),

(20201117,47,3,17,11,4,2020,0,0),

(20201118,47,4,18,11,4,2020,0,0),

(20201119,47,5,19,11,4,2020,0,0),

(20201120,47,6,20,11,4,2020,1,0),

(20201121,47,7,21,11,4,2020,1,0),

(20201122,47,1,22,11,4,2020,0,0),

(20201123,48,2,23,11,4,2020,0,0),

(20201124,48,3,24,11,4,2020,0,0),

(20201125,48,4,25,11,4,2020,0,0),

(20201126,48,5,26,11,4,2020,0,0),

(20201127,48,6,27,11,4,2020,1,0),

(20201128,48,7,28,11,4,2020,1,0),

(20201129,48,1,29,11,4,2020,0,0),

(20201130,49,2,30,11,4,2020,0,0),

(20201201,49,3,1,12,4,2020,0,0),

(20201202,49,4,2,12,4,2020,0,0),

(20201203,49,5,3,12,4,2020,0,0),

(20201204,49,6,4,12,4,2020,1,0),

(20201205,49,7,5,12,4,2020,1,0),

(20201206,49,1,6,12,4,2020,0,0),

(20201207,50,2,7,12,4,2020,0,0),

(20201208,50,3,8,12,4,2020,0,0),

(20201209,50,4,9,12,4,2020,0,0),

(20201210,50,5,10,12,4,2020,0,0),

(20201211,50,6,11,12,4,2020,1,0),

(20201212,50,7,12,12,4,2020,1,0),

(20201213,50,1,13,12,4,2020,0,0),

(20201214,51,2,14,12,4,2020,0,0),

(20201215,51,3,15,12,4,2020,0,0),

(20201216,51,4,16,12,4,2020,0,0),

(20201217,51,5,17,12,4,2020,0,0),

(20201218,51,6,18,12,4,2020,1,0),

(20201219,51,7,19,12,4,2020,1,0),

(20201220,51,1,20,12,4,2020,0,0),

(20201221,52,2,21,12,4,2020,0,0),

(20201222,52,3,22,12,4,2020,0,0),

(20201223,52,4,23,12,4,2020,0,0),

(20201224,52,5,24,12,4,2020,0,0),

(20201225,52,6,25,12,4,2020,1,0),

(20201226,52,7,26,12,4,2020,1,0),

(20201227,52,1,27,12,4,2020,0,0),

(20201228,53,2,28,12,4,2020,0,0),

(20201229,53,3,29,12,4,2020,0,0),

(20201230,53,4,30,12,4,2020,0,0),

(20201231,53,5,31,12,4,2020,0,0);

/*Table structure for table `favor_info` */

CREATE TABLE IF NOT EXISTS `favor_info` (
  `id` bigint(20) NOT NULL AUTO_INCREMENT COMMENT '编号',
  `user_id` bigint(20) DEFAULT NULL COMMENT '用户名称',
  `sku_id` bigint(20) DEFAULT NULL COMMENT 'skuid',
  `spu_id` bigint(20) DEFAULT NULL COMMENT '商品id',
  `is_cancel` varchar(1) DEFAULT NULL COMMENT '是否已取消 0 正常 1 已取消',
  `create_time` datetime DEFAULT NULL COMMENT '创建时间',
  `cancel_time` datetime DEFAULT NULL COMMENT '修改时间',
  PRIMARY KEY (`id`)
) ENGINE=InnoDB AUTO_INCREMENT=1254003762900316166 DEFAULT CHARSET=utf8 COMMENT='商品收藏表';

/*Data for the table `favor_info` */

insert  into `favor_info`(`id`,`user_id`,`sku_id`,`spu_id`,`is_cancel`,`create_time`,`cancel_time`) values 

(1254003762808041473,100,12,NULL,'0','2020-04-24 19:06:09',NULL),

(1254003762808041474,2,9,NULL,'0','2020-04-24 19:06:09',NULL),

(1254003762820624385,31,11,NULL,'1','2020-04-24 19:06:09','2020-04-24 19:06:09'),

(1254003762820624386,99,2,NULL,'0','2020-04-24 19:06:09',NULL),

(1254003762820624387,22,1,NULL,'0','2020-04-24 19:06:09',NULL),

(1254003762824818690,11,15,NULL,'0','2020-04-24 19:06:09',NULL),

(1254003762824818691,3,16,NULL,'0','2020-04-24 19:06:09',NULL),

(1254003762829012994,14,15,NULL,'0','2020-04-24 19:06:09',NULL),

(1254003762829012995,16,16,NULL,'0','2020-04-24 19:06:09',NULL),

(1254003762829012996,4,11,NULL,'1','2020-04-24 19:06:09','2020-04-24 19:06:09'),

(1254003762829012997,84,16,NULL,'0','2020-04-24 19:06:09',NULL),

(1254003762837401602,65,1,NULL,'0','2020-04-24 19:06:09',NULL),

(1254003762837401603,55,13,NULL,'0','2020-04-24 19:06:09',NULL),

(1254003762837401604,21,7,NULL,'1','2020-04-24 19:06:09','2020-04-24 19:06:09'),

(1254003762837401605,66,7,NULL,'0','2020-04-24 19:06:09',NULL),

(1254003762837401606,51,10,NULL,'0','2020-04-24 19:06:09',NULL),

(1254003762841595906,59,5,NULL,'0','2020-04-24 19:06:09',NULL),

(1254003762841595907,26,10,NULL,'1','2020-04-24 19:06:09','2020-04-24 19:06:09'),

(1254003762841595908,59,8,NULL,'0','2020-04-24 19:06:09',NULL),

(1254003762841595909,12,8,NULL,'0','2020-04-24 19:06:09',NULL),

(1254003762845790210,31,1,NULL,'0','2020-04-24 19:06:09',NULL),

(1254003762845790211,98,2,NULL,'0','2020-04-24 19:06:09',NULL),

(1254003762845790212,90,15,NULL,'0','2020-04-24 19:06:09',NULL),

(1254003762845790213,40,1,NULL,'0','2020-04-24 19:06:09',NULL),

(1254003762845790214,82,4,NULL,'0','2020-04-24 19:06:09',NULL),

(1254003762845790215,60,3,NULL,'0','2020-04-24 19:06:09',NULL),

(1254003762849984514,67,4,NULL,'0','2020-04-24 19:06:09',NULL),

(1254003762849984515,28,5,NULL,'0','2020-04-24 19:06:09',NULL),

(1254003762849984516,4,9,NULL,'0','2020-04-24 19:06:09',NULL),

(1254003762849984517,92,16,NULL,'0','2020-04-24 19:06:09',NULL),

(1254003762849984518,5,15,NULL,'0','2020-04-24 19:06:09',NULL),

(1254003762854178817,21,14,NULL,'0','2020-04-24 19:06:09',NULL),

(1254003762854178818,1,11,NULL,'0','2020-04-24 19:06:09',NULL),

(1254003762854178819,41,8,NULL,'0','2020-04-24 19:06:09',NULL),

(1254003762854178820,34,12,NULL,'0','2020-04-24 19:06:09',NULL),

(1254003762854178821,18,12,NULL,'0','2020-04-24 19:06:09',NULL),

(1254003762854178822,17,16,NULL,'0','2020-04-24 19:06:09',NULL),

(1254003762854178823,93,12,NULL,'0','2020-04-24 19:06:09',NULL),

(1254003762854178824,82,4,NULL,'0','2020-04-24 19:06:09',NULL),

(1254003762854178825,89,2,NULL,'0','2020-04-24 19:06:09',NULL),

(1254003762854178826,86,1,NULL,'0','2020-04-24 19:06:09',NULL),

(1254003762854178827,28,1,NULL,'0','2020-04-24 19:06:09',NULL),

(1254003762858373122,77,16,NULL,'0','2020-04-24 19:06:09',NULL),

(1254003762858373123,12,11,NULL,'0','2020-04-24 19:06:09',NULL),

(1254003762858373124,8,11,NULL,'0','2020-04-24 19:06:09',NULL),

(1254003762858373125,59,8,NULL,'0','2020-04-24 19:06:09',NULL),

(1254003762858373126,57,12,NULL,'0','2020-04-24 19:06:09',NULL),

(1254003762862567425,52,11,NULL,'1','2020-04-24 19:06:09','2020-04-24 19:06:09'),

(1254003762862567426,73,4,NULL,'0','2020-04-24 19:06:09',NULL),

(1254003762862567427,3,6,NULL,'0','2020-04-24 19:06:09',NULL),

(1254003762866761730,51,4,NULL,'0','2020-04-24 19:06:09',NULL),

(1254003762866761731,61,6,NULL,'0','2020-04-24 19:06:09',NULL),

(1254003762866761732,53,11,NULL,'0','2020-04-24 19:06:09',NULL),

(1254003762866761733,93,9,NULL,'0','2020-04-24 19:06:09',NULL),

(1254003762866761734,84,15,NULL,'0','2020-04-24 19:06:09',NULL),

(1254003762866761735,20,4,NULL,'0','2020-04-24 19:06:09',NULL),

(1254003762866761736,73,15,NULL,'1','2020-04-24 19:06:09','2020-04-24 19:06:09'),

(1254003762870956033,80,14,NULL,'0','2020-04-24 19:06:09',NULL),

(1254003762870956034,77,4,NULL,'0','2020-04-24 19:06:09',NULL),

(1254003762870956035,63,1,NULL,'0','2020-04-24 19:06:09',NULL),

(1254003762870956036,6,5,NULL,'0','2020-04-24 19:06:09',NULL),

(1254003762870956037,68,5,NULL,'0','2020-04-24 19:06:09',NULL),

(1254003762875150337,7,4,NULL,'0','2020-04-24 19:06:09',NULL),

(1254003762875150338,47,13,NULL,'0','2020-04-24 19:06:09',NULL),

(1254003762875150339,97,3,NULL,'0','2020-04-24 19:06:09',NULL),

(1254003762875150340,66,1,NULL,'0','2020-04-24 19:06:09',NULL),

(1254003762875150341,46,13,NULL,'0','2020-04-24 19:06:09',NULL),

(1254003762879344641,78,7,NULL,'0','2020-04-24 19:06:09',NULL),

(1254003762879344642,50,7,NULL,'0','2020-04-24 19:06:09',NULL),

(1254003762879344643,88,15,NULL,'0','2020-04-24 19:06:09',NULL),

(1254003762879344644,92,11,NULL,'0','2020-04-24 19:06:09',NULL),

(1254003762879344645,95,1,NULL,'1','2020-04-24 19:06:09','2020-04-24 19:06:09'),

(1254003762879344646,41,2,NULL,'0','2020-04-24 19:06:09',NULL),

(1254003762883538946,76,16,NULL,'0','2020-04-24 19:06:09',NULL),

(1254003762883538947,57,4,NULL,'0','2020-04-24 19:06:09',NULL),

(1254003762883538948,38,4,NULL,'0','2020-04-24 19:06:09',NULL),

(1254003762883538949,78,4,NULL,'0','2020-04-24 19:06:09',NULL),

(1254003762883538950,53,8,NULL,'0','2020-04-24 19:06:09',NULL),

(1254003762887733249,20,9,NULL,'0','2020-04-24 19:06:09',NULL),

(1254003762887733250,88,15,NULL,'0','2020-04-24 19:06:09',NULL),

(1254003762887733251,79,12,NULL,'0','2020-04-24 19:06:09',NULL),

(1254003762887733252,3,2,NULL,'0','2020-04-24 19:06:09',NULL),

(1254003762887733253,76,16,NULL,'0','2020-04-24 19:06:09',NULL),

(1254003762891927553,90,9,NULL,'0','2020-04-24 19:06:09',NULL),

(1254003762891927554,10,7,NULL,'1','2020-04-24 19:06:09','2020-04-24 19:06:09'),

(1254003762891927555,76,14,NULL,'0','2020-04-24 19:06:09',NULL),

(1254003762891927556,12,11,NULL,'0','2020-04-24 19:06:09',NULL),

(1254003762891927557,77,10,NULL,'0','2020-04-24 19:06:09',NULL),

(1254003762891927558,97,8,NULL,'0','2020-04-24 19:06:09',NULL),

(1254003762896121857,54,12,NULL,'0','2020-04-24 19:06:09',NULL),

(1254003762896121858,69,6,NULL,'0','2020-04-24 19:06:09',NULL),

(1254003762896121859,64,8,NULL,'0','2020-04-24 19:06:09',NULL),

(1254003762896121860,81,1,NULL,'0','2020-04-24 19:06:09',NULL),

(1254003762896121861,96,2,NULL,'0','2020-04-24 19:06:09',NULL),

(1254003762896121862,72,11,NULL,'0','2020-04-24 19:06:09',NULL),

(1254003762896121863,83,10,NULL,'0','2020-04-24 19:06:09',NULL),

(1254003762900316162,95,6,NULL,'0','2020-04-24 19:06:09',NULL),

(1254003762900316163,93,4,NULL,'0','2020-04-24 19:06:09',NULL),

(1254003762900316164,95,6,NULL,'1','2020-04-24 19:06:09','2020-04-24 19:06:09'),

(1254003762900316165,20,16,NULL,'0','2020-04-24 19:06:09',NULL);

/*Table structure for table `holiday_info` */

CREATE TABLE IF NOT EXISTS `holiday_info` (
  `holiday_id` int(11) NOT NULL,
  `holiday_name` varchar(20) DEFAULT NULL,
  PRIMARY KEY (`holiday_id`)
) ENGINE=InnoDB DEFAULT CHARSET=utf8;

/*Data for the table `holiday_info` */

insert  into `holiday_info`(`holiday_id`,`holiday_name`) values 

(1,'元旦'),

(2,'春节'),

(3,'清明'),

(4,'劳动节'),

(5,'端午节'),

(6,'中秋节'),

(7,'国庆节');

/*Table structure for table `holiday_year` */

CREATE TABLE IF NOT EXISTS `holiday_year` (
  `year_id` int(11) DEFAULT NULL,
  `holiday_id` int(11) DEFAULT NULL,
  `start_date_id` int(11) DEFAULT NULL,
  `end_date_id` int(11) DEFAULT NULL
) ENGINE=InnoDB DEFAULT CHARSET=utf8;

/*Data for the table `holiday_year` */

insert  into `holiday_year`(`year_id`,`holiday_id`,`start_date_id`,`end_date_id`) values 

(2019,2,20190204,20190210),

(2019,1,20190101,20190101),

(2019,3,20190405,20190407),

(2019,4,20190429,20190501),

(2019,5,20190607,20190609),

(2019,6,20190913,20190915),

(2019,7,20191001,20191007),

(2020,1,20200101,20200101),

(2020,2,20200119,20200201),

(2020,3,20200404,20200406),

(2020,4,20200501,20200505),

(2020,5,20200625,20200627),

(2020,7,20201001,20201008);

/*Table structure for table `order_detail` */

CREATE TABLE IF NOT EXISTS `order_detail` (
  `id` bigint(20) NOT NULL AUTO_INCREMENT COMMENT '编号',
  `order_id` bigint(20) DEFAULT NULL COMMENT '订单编号',
  `sku_id` bigint(20) DEFAULT NULL COMMENT 'sku_id',
  `sku_name` varchar(200) DEFAULT NULL COMMENT 'sku名称（冗余)',
  `img_url` varchar(200) DEFAULT NULL COMMENT '图片名称（冗余)',
  `order_price` decimal(10,2) DEFAULT NULL COMMENT '购买价格(下单时sku价格）',
  `sku_num` varchar(200) DEFAULT NULL COMMENT '购买个数',
  `create_time` datetime DEFAULT NULL COMMENT '创建时间',
  `source_type` varchar(20) DEFAULT NULL COMMENT '来源类型',
  `source_id` bigint(20) DEFAULT NULL COMMENT '来源编号',
  PRIMARY KEY (`id`)
) ENGINE=InnoDB AUTO_INCREMENT=8621 DEFAULT CHARSET=utf8 COMMENT='订单明细表';

/*Data for the table `order_detail` */

insert  into `order_detail`(`id`,`order_id`,`sku_id`,`sku_name`,`img_url`,`order_price`,`sku_num`,`create_time`,`source_type`,`source_id`) values 

(8600,3422,11,'联想(Lenovo)拯救者Y7000 2019新款 15.6英寸游戏本笔记本电脑（i7-9750H 8GB 1TB+256GB GTX1650 4G独显 黑）','http://kAXllAQEzJWHwiExxVmyJIABfXyzbKwedeofMqwh',6399.00,'3','2020-04-24 19:06:10','2404',1),

(8601,3423,2,'TCL 55A950C 55英寸32核人工智能 HDR曲面超薄4K电视金属机身（枪色）','http://JfJSvAnPkErYPcUsbgCuokhjxKiLeqpDXakZqFeE',3321.00,'1','2020-04-24 19:06:10','2401',NULL),

(8602,3424,5,'十月稻田 沁州黄小米 (黄小米 五谷杂粮 山西特产 真空装 大米伴侣 粥米搭档) 2.5kg','http://INNButKuTkslasORPBmHACnJuccfsxmRxNuMznPm',244.00,'3','2020-04-24 19:06:10','2401',NULL),

(8603,3425,13,'联想(Lenovo)Y9000X 2019新款 15.6英寸高性能标压轻薄本笔记本电脑(i5-9300H 16G 512GSSD FHD)深空灰','http://kAXllAQEzJWHwiExxVmyJIABfXyzbKwedeofMqwh',7299.00,'3','2020-04-24 19:06:10','2401',NULL),

(8604,3426,7,'荣耀10青春版 幻彩渐变 2400万AI自拍 全网通版4GB+64GB 渐变蓝 移动联通电信4G全面屏手机 双卡双待','http://IJwhvJSuwaMHaevQQKZUzLkOsvYFiYsRhmLSjpZb',1553.00,'2','2020-04-24 19:06:10','2402',98),

(8605,3427,13,'联想(Lenovo)Y9000X 2019新款 15.6英寸高性能标压轻薄本笔记本电脑(i5-9300H 16G 512GSSD FHD)深空灰','http://kAXllAQEzJWHwiExxVmyJIABfXyzbKwedeofMqwh',7299.00,'2','2020-04-24 19:06:10','2403',NULL),

(8606,3428,4,'小米Play 流光渐变AI双摄 4GB+64GB 梦幻蓝 全网通4G 双卡双待 小水滴全面屏拍照游戏智能手机','http://SXlkutIjYpDWWTEpNUiisnlsevOHVElrdngQLgyZ',1442.00,'2','2020-04-24 19:06:10','2401',NULL),

(8607,3429,2,'TCL 55A950C 55英寸32核人工智能 HDR曲面超薄4K电视金属机身（枪色）','http://JfJSvAnPkErYPcUsbgCuokhjxKiLeqpDXakZqFeE',3321.00,'1','2020-04-24 19:06:10','2401',NULL),

(8608,3430,14,'Dior迪奥口红唇膏送女友老婆礼物生日礼物 烈艳蓝金999+888两支装礼盒','http://kAXllAQEzJWHwiExxVmyJIABfXyzbKwedeofMqwh',496.00,'1','2020-04-24 19:06:10','2401',NULL),

(8609,3431,14,'Dior迪奥口红唇膏送女友老婆礼物生日礼物 烈艳蓝金999+888两支装礼盒','http://kAXllAQEzJWHwiExxVmyJIABfXyzbKwedeofMqwh',496.00,'2','2020-04-24 19:06:10','2403',NULL),

(8610,3432,9,'荣耀10 GT游戏加速 AIS手持夜景 6GB+64GB 幻影蓝全网通 移动联通电信','http://hNuKrFXZgFIzzZxnYeCxEDdJlbAwHUCbBChdXAKZ',2452.00,'2','2020-04-24 19:06:10','2402',92),

(8611,3433,4,'小米Play 流光渐变AI双摄 4GB+64GB 梦幻蓝 全网通4G 双卡双待 小水滴全面屏拍照游戏智能手机','http://SXlkutIjYpDWWTEpNUiisnlsevOHVElrdngQLgyZ',1442.00,'3','2020-04-24 19:06:10','2402',60),

(8612,3434,11,'联想(Lenovo)拯救者Y7000 2019新款 15.6英寸游戏本笔记本电脑（i7-9750H 8GB 1TB+256GB GTX1650 4G独显 黑）','http://kAXllAQEzJWHwiExxVmyJIABfXyzbKwedeofMqwh',6399.00,'1','2020-04-24 19:06:10','2402',86),

(8613,3435,2,'TCL 55A950C 55英寸32核人工智能 HDR曲面超薄4K电视金属机身（枪色）','http://JfJSvAnPkErYPcUsbgCuokhjxKiLeqpDXakZqFeE',3321.00,'1','2020-04-24 19:06:10','2401',NULL),

(8614,3436,1,'荣耀10青春版 幻彩渐变 2400万AI自拍 全网通版4GB+64GB 渐变蓝 移动联通电信4G全面屏手机 双卡双待','http://AOvKmfRQEBRJJllwCwCuptVAOtBBcIjWeJRsmhbJ',2220.00,'2','2020-04-24 19:06:10','2403',NULL),

(8615,3437,1,'荣耀10青春版 幻彩渐变 2400万AI自拍 全网通版4GB+64GB 渐变蓝 移动联通电信4G全面屏手机 双卡双待','http://AOvKmfRQEBRJJllwCwCuptVAOtBBcIjWeJRsmhbJ',2220.00,'1','2020-04-24 19:06:10','2401',NULL),

(8616,3438,1,'荣耀10青春版 幻彩渐变 2400万AI自拍 全网通版4GB+64GB 渐变蓝 移动联通电信4G全面屏手机 双卡双待','http://AOvKmfRQEBRJJllwCwCuptVAOtBBcIjWeJRsmhbJ',2220.00,'3','2020-04-24 19:06:10','2402',27),

(8617,3439,15,'迪奥（Dior）烈艳蓝金唇膏 口红 3.5g 999号 哑光-经典正红','http://kAXllAQEzJWHwiExxVmyJIABfXyzbKwedeofMqwh',252.00,'1','2020-04-24 19:06:10','2403',NULL),

(8618,3440,1,'荣耀10青春版 幻彩渐变 2400万AI自拍 全网通版4GB+64GB 渐变蓝 移动联通电信4G全面屏手机 双卡双待','http://AOvKmfRQEBRJJllwCwCuptVAOtBBcIjWeJRsmhbJ',2220.00,'2','2020-04-24 19:06:10','2401',NULL),

(8619,3441,2,'TCL 55A950C 55英寸32核人工智能 HDR曲面超薄4K电视金属机身（枪色）','http://JfJSvAnPkErYPcUsbgCuokhjxKiLeqpDXakZqFeE',3321.00,'3','2020-04-24 19:06:10','2401',NULL),

(8620,3442,5,'十月稻田 沁州黄小米 (黄小米 五谷杂粮 山西特产 真空装 大米伴侣 粥米搭档) 2.5kg','http://INNButKuTkslasORPBmHACnJuccfsxmRxNuMznPm',244.00,'2','2020-04-24 19:06:10','2401',NULL);

/*Table structure for table `order_info` */

CREATE TABLE IF NOT EXISTS `order_info` (
  `id` bigint(20) NOT NULL AUTO_INCREMENT COMMENT '编号',
  `consignee` varchar(100) DEFAULT NULL COMMENT '收货人',
  `consignee_tel` varchar(20) DEFAULT NULL COMMENT '收件人电话',
  `final_total_amount` decimal(16,2) DEFAULT NULL COMMENT '总金额',
  `order_status` varchar(20) DEFAULT NULL COMMENT '订单状态',
  `user_id` bigint(20) DEFAULT NULL COMMENT '用户id',
  `delivery_address` varchar(1000) DEFAULT NULL COMMENT '送货地址',
  `order_comment` varchar(200) DEFAULT NULL COMMENT '订单备注',
  `out_trade_no` varchar(50) DEFAULT NULL COMMENT '订单交易编号（第三方支付用)',
  `trade_body` varchar(200) DEFAULT NULL COMMENT '订单描述(第三方支付用)',
  `create_time` datetime DEFAULT NULL COMMENT '创建时间',
  `operate_time` datetime DEFAULT NULL COMMENT '操作时间',
  `expire_time` datetime DEFAULT NULL COMMENT '失效时间',
  `tracking_no` varchar(100) DEFAULT NULL COMMENT '物流单编号',
  `parent_order_id` bigint(20) DEFAULT NULL COMMENT '父订单编号',
  `img_url` varchar(200) DEFAULT NULL COMMENT '图片路径',
  `province_id` int(20) DEFAULT NULL COMMENT '地区',
  `benefit_reduce_amount` decimal(16,2) DEFAULT NULL COMMENT '优惠金额',
  `original_total_amount` decimal(16,2) DEFAULT NULL COMMENT '原价金额',
  `feight_fee` decimal(16,2) DEFAULT NULL COMMENT '运费',
  PRIMARY KEY (`id`)
) ENGINE=InnoDB AUTO_INCREMENT=3443 DEFAULT CHARSET=utf8 COMMENT='订单表 订单表';

/*Data for the table `order_info` */

insert  into `order_info`(`id`,`consignee`,`consignee_tel`,`final_total_amount`,`order_status`,`user_id`,`delivery_address`,`order_comment`,`out_trade_no`,`trade_body`,`create_time`,`operate_time`,`expire_time`,`tracking_no`,`parent_order_id`,`img_url`,`province_id`,`benefit_reduce_amount`,`original_total_amount`,`feight_fee`) values 

(3422,'姜华','13720686669',16424.00,'1001',74,'第11大街第40号楼9单元757门','描述294742','497985654214124','联想(Lenovo)拯救者Y7000 2019新款 15.6英寸游戏本笔记本电脑（i7-9750H 8GB 1TB+256GB GTX1650 4G独显 黑）等3件商品','2020-04-24 19:06:10','2020-04-24 19:06:10','2020-04-24 19:21:10',NULL,NULL,'http://img.gmall.com/265975.jpg',23,2793.00,19197.00,20.00),

(3423,'余雅芝','13584326071',3331.00,'1005',2,'第11大街第8号楼6单元344门','描述882459','378518451216314','TCL 55A950C 55英寸32核人工智能 HDR曲面超薄4K电视金属机身（枪色）等1件商品','2020-04-24 19:06:10','2020-04-24 19:06:10','2020-04-24 19:21:10',NULL,NULL,'http://img.gmall.com/863697.jpg',8,0.00,3321.00,10.00),

(3424,'祁生龙','13270576666',502.00,'1004',25,'第4大街第33号楼5单元491门','描述525274','723567733719289','十月稻田 沁州黄小米 (黄小米 五谷杂粮 山西特产 真空装 大米伴侣 粥米搭档) 2.5kg等3件商品','2020-04-24 19:06:10','2020-04-24 19:06:10','2020-04-24 19:21:10',NULL,NULL,'http://img.gmall.com/275935.jpg',12,236.00,732.00,6.00),

(3425,'卜仪荷','13971634833',17266.00,'1004',75,'第14大街第32号楼4单元899门','描述341493','373554787941584','联想(Lenovo)Y9000X 2019新款 15.6英寸高性能标压轻薄本笔记本电脑(i5-9300H 16G 512GSSD FHD)深空灰等3件商品','2020-04-24 19:06:10','2020-04-24 19:06:10','2020-04-24 19:21:10',NULL,NULL,'http://img.gmall.com/832681.jpg',8,4639.00,21897.00,8.00),

(3426,'钱元','13434248566',3123.00,'1001',46,'第14大街第2号楼8单元612门','描述114958','961535599233299','荣耀10青春版 幻彩渐变 2400万AI自拍 全网通版4GB+64GB 渐变蓝 移动联通电信4G全面屏手机 双卡双待等2件商品','2020-04-24 19:06:10','2020-04-24 19:06:10','2020-04-24 19:21:10',NULL,NULL,'http://img.gmall.com/862236.jpg',26,0.00,3106.00,17.00),

(3427,'闻人飘','13623226939',11429.00,'1004',24,'第16大街第26号楼4单元282门','描述597866','755759463295284','联想(Lenovo)Y9000X 2019新款 15.6英寸高性能标压轻薄本笔记本电脑(i5-9300H 16G 512GSSD FHD)深空灰等2件商品','2020-04-24 19:06:10','2020-04-24 19:06:10','2020-04-24 19:21:10',NULL,NULL,'http://img.gmall.com/726985.jpg',20,3176.00,14598.00,7.00),

(3428,'汪亚','13968017746',2903.00,'1004',57,'第20大街第8号楼8单元148门','描述413876','851928875211265','小米Play 流光渐变AI双摄 4GB+64GB 梦幻蓝 全网通4G 双卡双待 小水滴全面屏拍照游戏智能手机等2件商品','2020-04-24 19:06:10','2020-04-24 19:06:10','2020-04-24 19:21:10',NULL,NULL,'http://img.gmall.com/117719.jpg',7,0.00,2884.00,19.00),

(3429,'殷琬茗','13921223440',3331.00,'1001',30,'第18大街第17号楼9单元799门','描述818714','622849561347268','TCL 55A950C 55英寸32核人工智能 HDR曲面超薄4K电视金属机身（枪色）等1件商品','2020-04-24 19:06:10','2020-04-24 19:06:10','2020-04-24 19:21:10',NULL,NULL,'http://img.gmall.com/429222.jpg',11,0.00,3321.00,10.00),

(3430,'卜真','13352438325',282.00,'1001',85,'第4大街第26号楼4单元552门','描述848298','548997659331693','Dior迪奥口红唇膏送女友老婆礼物生日礼物 烈艳蓝金999+888两支装礼盒等1件商品','2020-04-24 19:06:10','2020-04-24 19:06:10','2020-04-24 19:21:10',NULL,NULL,'http://img.gmall.com/525368.jpg',11,233.00,496.00,19.00),

(3431,'韩朋','13588711691',975.00,'1004',100,'第2大街第27号楼6单元158门','描述592198','156226243116622','Dior迪奥口红唇膏送女友老婆礼物生日礼物 烈艳蓝金999+888两支装礼盒等2件商品','2020-04-24 19:06:10','2020-04-24 19:06:10','2020-04-24 19:21:10',NULL,NULL,'http://img.gmall.com/683638.jpg',19,35.00,992.00,18.00),

(3432,'吴霞','13077267024',4918.00,'1004',27,'第6大街第30号楼2单元852门','描述394675','136169615564871','荣耀10 GT游戏加速 AIS手持夜景 6GB+64GB 幻影蓝全网通 移动联通电信等2件商品','2020-04-24 19:06:10','2020-04-24 19:06:10','2020-04-24 19:21:10',NULL,NULL,'http://img.gmall.com/495744.jpg',21,0.00,4904.00,14.00),

(3433,'宇文鸣','13605079862',4345.00,'1001',61,'第15大街第6号楼8单元867门','描述981538','633158543985673','小米Play 流光渐变AI双摄 4GB+64GB 梦幻蓝 全网通4G 双卡双待 小水滴全面屏拍照游戏智能手机等3件商品','2020-04-24 19:06:10','2020-04-24 19:06:10','2020-04-24 19:21:10',NULL,NULL,'http://img.gmall.com/731423.jpg',32,0.00,4326.00,19.00),

(3434,'乐霞','13078560938',4156.00,'1004',1,'第14大街第9号楼6单元382门','描述648623','596423329239274','联想(Lenovo)拯救者Y7000 2019新款 15.6英寸游戏本笔记本电脑（i7-9750H 8GB 1TB+256GB GTX1650 4G独显 黑）等1件商品','2020-04-24 19:06:10','2020-04-24 19:06:10','2020-04-24 19:21:10',NULL,NULL,'http://img.gmall.com/635759.jpg',23,2259.00,6399.00,16.00),

(3435,'公孙妹霞','13234783603',3329.00,'1005',55,'第5大街第8号楼4单元131门','描述929951','221983278397591','TCL 55A950C 55英寸32核人工智能 HDR曲面超薄4K电视金属机身（枪色）等1件商品','2020-04-24 19:06:10','2020-04-24 19:06:10','2020-04-24 19:21:10',NULL,NULL,'http://img.gmall.com/167712.jpg',21,0.00,3321.00,8.00),

(3436,'吴琳','13817467528',4460.00,'1001',64,'第9大街第26号楼6单元725门','描述916529','288333125186768','荣耀10青春版 幻彩渐变 2400万AI自拍 全网通版4GB+64GB 渐变蓝 移动联通电信4G全面屏手机 双卡双待等2件商品','2020-04-24 19:06:10','2020-04-24 19:06:10','2020-04-24 19:21:10',NULL,NULL,'http://img.gmall.com/111236.jpg',26,0.00,4440.00,20.00),

(3437,'夏侯风','13164372881',2226.00,'1001',83,'第7大街第27号楼3单元677门','描述622448','138198663284797','荣耀10青春版 幻彩渐变 2400万AI自拍 全网通版4GB+64GB 渐变蓝 移动联通电信4G全面屏手机 双卡双待等1件商品','2020-04-24 19:06:10','2020-04-24 19:06:10','2020-04-24 19:21:10',NULL,NULL,'http://img.gmall.com/795642.jpg',21,0.00,2220.00,6.00),

(3438,'平振壮','13260256035',6665.00,'1004',65,'第18大街第16号楼6单元413门','描述377932','557565426118118','荣耀10青春版 幻彩渐变 2400万AI自拍 全网通版4GB+64GB 渐变蓝 移动联通电信4G全面屏手机 双卡双待等3件商品','2020-04-24 19:06:10','2020-04-24 19:06:10','2020-04-24 19:21:10',NULL,NULL,'http://img.gmall.com/251826.jpg',8,0.00,6660.00,5.00),

(3439,'熊士以','13859569882',217.00,'1004',59,'第6大街第40号楼7单元499门','描述263236','783218663415455','迪奥（Dior）烈艳蓝金唇膏 口红 3.5g 999号 哑光-经典正红等1件商品','2020-04-24 19:06:10','2020-04-24 19:06:10','2020-04-24 19:21:10',NULL,NULL,'http://img.gmall.com/141197.jpg',11,52.00,252.00,17.00),

(3440,'冯咏','13535507264',4457.00,'1004',66,'第17大街第40号楼3单元182门','描述937348','268825348565485','荣耀10青春版 幻彩渐变 2400万AI自拍 全网通版4GB+64GB 渐变蓝 移动联通电信4G全面屏手机 双卡双待等2件商品','2020-04-24 19:06:10','2020-04-24 19:06:10','2020-04-24 19:21:10',NULL,NULL,'http://img.gmall.com/244272.jpg',20,0.00,4440.00,17.00),

(3441,'毕悦','13015181285',9969.00,'1001',95,'第1大街第30号楼4单元942门','描述912153','427718117946493','TCL 55A950C 55英寸32核人工智能 HDR曲面超薄4K电视金属机身（枪色）等3件商品','2020-04-24 19:06:10','2020-04-24 19:06:10','2020-04-24 19:21:10',NULL,NULL,'http://img.gmall.com/123634.jpg',12,0.00,9963.00,6.00),

(3442,'赵子龙999','13229364500',345.00,'1004',13,'第6大街第4号楼2单元471门','描述936559','528789377141758','十月稻田 沁州黄小米 (黄小米 五谷杂粮 山西特产 真空装 大米伴侣 粥米搭档) 2.5kg等2件商品','2020-04-24 19:06:10','2020-04-24 19:06:10','2020-04-24 19:21:10',NULL,NULL,'http://img.gmall.com/154391.jpg',18,153.00,488.00,10.00);

/*Table structure for table `order_refund_info` */

CREATE TABLE IF NOT EXISTS `order_refund_info` (
  `id` bigint(20) NOT NULL AUTO_INCREMENT COMMENT '编号',
  `user_id` bigint(20) DEFAULT NULL COMMENT '用户id',
  `order_id` bigint(20) DEFAULT NULL COMMENT '订单编号',
  `sku_id` bigint(20) DEFAULT NULL COMMENT 'skuid',
  `refund_type` varchar(20) DEFAULT NULL COMMENT '退款类型',
  `refund_num` bigint(20) DEFAULT NULL COMMENT '退货件数',
  `refund_amount` decimal(16,2) DEFAULT NULL COMMENT '退款金额',
  `refund_reason_type` varchar(200) DEFAULT NULL COMMENT '原因类型',
  `refund_reason_txt` varchar(20) DEFAULT NULL COMMENT '原因内容',
  `create_time` datetime DEFAULT NULL COMMENT '创建时间',
  PRIMARY KEY (`id`)
) ENGINE=InnoDB AUTO_INCREMENT=444 DEFAULT CHARSET=utf8 COMMENT='退单表';

/*Data for the table `order_refund_info` */

insert  into `order_refund_info`(`id`,`user_id`,`order_id`,`sku_id`,`refund_type`,`refund_num`,`refund_amount`,`refund_reason_type`,`refund_reason_txt`,`create_time`) values 

(442,2,3423,2,'1501',1,3321.00,'1302','退款原因具体：2703188182','2020-04-24 19:06:10'),

(443,55,3435,2,'1501',1,3321.00,'1306','退款原因具体：0014694773','2020-04-24 19:06:10');

/*Table structure for table `order_status_log` */

CREATE TABLE IF NOT EXISTS `order_status_log` (
  `id` bigint(11) NOT NULL AUTO_INCREMENT,
  `order_id` bigint(11) DEFAULT NULL,
  `order_status` varchar(11) DEFAULT NULL,
  `operate_time` datetime DEFAULT NULL,
  PRIMARY KEY (`id`)
) ENGINE=InnoDB AUTO_INCREMENT=77872 DEFAULT CHARSET=utf8;

/*Data for the table `order_status_log` */

insert  into `order_status_log`(`id`,`order_id`,`order_status`,`operate_time`) values 

(77817,3422,'1001','2020-04-24 19:06:10'),

(77818,3423,'1001','2020-04-24 19:06:10'),

(77819,3424,'1001','2020-04-24 19:06:10'),

(77820,3425,'1001','2020-04-24 19:06:10'),

(77821,3426,'1001','2020-04-24 19:06:10'),

(77822,3427,'1001','2020-04-24 19:06:10'),

(77823,3428,'1001','2020-04-24 19:06:10'),

(77824,3429,'1001','2020-04-24 19:06:10'),

(77825,3430,'1001','2020-04-24 19:06:10'),

(77826,3431,'1001','2020-04-24 19:06:10'),

(77827,3432,'1001','2020-04-24 19:06:10'),

(77828,3433,'1001','2020-04-24 19:06:10'),

(77829,3434,'1001','2020-04-24 19:06:10'),

(77830,3435,'1001','2020-04-24 19:06:10'),

(77831,3436,'1001','2020-04-24 19:06:10'),

(77832,3437,'1001','2020-04-24 19:06:10'),

(77833,3438,'1001','2020-04-24 19:06:10'),

(77834,3439,'1001','2020-04-24 19:06:10'),

(77835,3440,'1001','2020-04-24 19:06:10'),

(77836,3441,'1001','2020-04-24 19:06:10'),

(77837,3442,'1001','2020-04-24 19:06:10'),

(77838,3422,'1001','2020-04-24 19:06:10'),

(77839,3423,'1002','2020-04-24 19:06:10'),

(77840,3424,'1002','2020-04-24 19:06:10'),

(77841,3425,'1002','2020-04-24 19:06:10'),

(77842,3426,'1001','2020-04-24 19:06:10'),

(77843,3427,'1002','2020-04-24 19:06:10'),

(77844,3428,'1002','2020-04-24 19:06:10'),

(77845,3429,'1001','2020-04-24 19:06:10'),

(77846,3430,'1001','2020-04-24 19:06:10'),

(77847,3431,'1002','2020-04-24 19:06:10'),

(77848,3432,'1002','2020-04-24 19:06:10'),

(77849,3433,'1001','2020-04-24 19:06:10'),

(77850,3434,'1002','2020-04-24 19:06:10'),

(77851,3435,'1002','2020-04-24 19:06:10'),

(77852,3436,'1001','2020-04-24 19:06:10'),

(77853,3437,'1001','2020-04-24 19:06:10'),

(77854,3438,'1002','2020-04-24 19:06:10'),

(77855,3439,'1002','2020-04-24 19:06:10'),

(77856,3440,'1002','2020-04-24 19:06:10'),

(77857,3441,'1001','2020-04-24 19:06:10'),

(77858,3442,'1002','2020-04-24 19:06:10'),

(77859,3423,'1005','2020-04-24 19:06:10'),

(77860,3424,'1004','2020-04-24 19:06:10'),

(77861,3425,'1004','2020-04-24 19:06:10'),

(77862,3427,'1004','2020-04-24 19:06:10'),

(77863,3428,'1004','2020-04-24 19:06:10'),

(77864,3431,'1004','2020-04-24 19:06:10'),

(77865,3432,'1004','2020-04-24 19:06:10'),

(77866,3434,'1004','2020-04-24 19:06:10'),

(77867,3435,'1005','2020-04-24 19:06:10'),

(77868,3438,'1004','2020-04-24 19:06:10'),

(77869,3439,'1004','2020-04-24 19:06:10'),

(77870,3440,'1004','2020-04-24 19:06:10'),

(77871,3442,'1004','2020-04-24 19:06:10');

/*Table structure for table `payment_info` */

CREATE TABLE IF NOT EXISTS `payment_info` (
  `id` bigint(20) NOT NULL AUTO_INCREMENT COMMENT '编号',
  `out_trade_no` varchar(20) DEFAULT NULL COMMENT '对外业务编号',
  `order_id` bigint(20) DEFAULT NULL COMMENT '订单编号',
  `user_id` bigint(20) DEFAULT NULL COMMENT '用户编号',
  `alipay_trade_no` varchar(100) DEFAULT NULL COMMENT '支付宝交易流水编号',
  `total_amount` decimal(16,2) DEFAULT NULL COMMENT '支付金额',
  `subject` varchar(200) DEFAULT NULL COMMENT '交易内容',
  `payment_type` varchar(20) DEFAULT NULL COMMENT '支付方式',
  `payment_time` datetime DEFAULT NULL COMMENT '支付时间',
  PRIMARY KEY (`id`)
) ENGINE=InnoDB AUTO_INCREMENT=5099 DEFAULT CHARSET=utf8 COMMENT='支付流水表';

/*Data for the table `payment_info` */

insert  into `payment_info`(`id`,`out_trade_no`,`order_id`,`user_id`,`alipay_trade_no`,`total_amount`,`subject`,`payment_type`,`payment_time`) values 

(5086,'378518451216314',3423,2,'5277449119591263737385214252992912',3331.00,'TCL 55A950C 55英寸32核人工智能 HDR曲面超薄4K电视金属机身（枪色）等1件商品','1101','2020-04-24 19:06:10'),

(5087,'723567733719289',3424,25,'4832326666344293459633318919929653',502.00,'十月稻田 沁州黄小米 (黄小米 五谷杂粮 山西特产 真空装 大米伴侣 粥米搭档) 2.5kg等3件商品','1101','2020-04-24 19:06:10'),

(5088,'373554787941584',3425,75,'6235499135562282935713491741184617',17266.00,'联想(Lenovo)Y9000X 2019新款 15.6英寸高性能标压轻薄本笔记本电脑(i5-9300H 16G 512GSSD FHD)深空灰等3件商品','1103','2020-04-24 19:06:10'),

(5089,'755759463295284',3427,24,'1911517369748663253241259195598684',11429.00,'联想(Lenovo)Y9000X 2019新款 15.6英寸高性能标压轻薄本笔记本电脑(i5-9300H 16G 512GSSD FHD)深空灰等2件商品','1102','2020-04-24 19:06:10'),

(5090,'851928875211265',3428,57,'6121183511667112166551116912485775',2903.00,'小米Play 流光渐变AI双摄 4GB+64GB 梦幻蓝 全网通4G 双卡双待 小水滴全面屏拍照游戏智能手机等2件商品','1103','2020-04-24 19:06:10'),

(5091,'156226243116622',3431,100,'3125853366459198427817781121738923',975.00,'Dior迪奥口红唇膏送女友老婆礼物生日礼物 烈艳蓝金999+888两支装礼盒等2件商品','1102','2020-04-24 19:06:10'),

(5092,'136169615564871',3432,27,'3494948425431516223459656441121364',4918.00,'荣耀10 GT游戏加速 AIS手持夜景 6GB+64GB 幻影蓝全网通 移动联通电信等2件商品','1102','2020-04-24 19:06:10'),

(5093,'596423329239274',3434,1,'1273165367121556263492237433175957',4156.00,'联想(Lenovo)拯救者Y7000 2019新款 15.6英寸游戏本笔记本电脑（i7-9750H 8GB 1TB+256GB GTX1650 4G独显 黑）等1件商品','1102','2020-04-24 19:06:10'),

(5094,'221983278397591',3435,55,'1293614633957631642223599965574635',3329.00,'TCL 55A950C 55英寸32核人工智能 HDR曲面超薄4K电视金属机身（枪色）等1件商品','1101','2020-04-24 19:06:10'),

(5095,'557565426118118',3438,65,'4657627895738851569251586559115998',6665.00,'荣耀10青春版 幻彩渐变 2400万AI自拍 全网通版4GB+64GB 渐变蓝 移动联通电信4G全面屏手机 双卡双待等3件商品','1102','2020-04-24 19:06:10'),

(5096,'783218663415455',3439,59,'1827479515721534538563627588115693',217.00,'迪奥（Dior）烈艳蓝金唇膏 口红 3.5g 999号 哑光-经典正红等1件商品','1103','2020-04-24 19:06:10'),

(5097,'268825348565485',3440,66,'9795758684146125381956451657639282',4457.00,'荣耀10青春版 幻彩渐变 2400万AI自拍 全网通版4GB+64GB 渐变蓝 移动联通电信4G全面屏手机 双卡双待等2件商品','1103','2020-04-24 19:06:10'),

(5098,'528789377141758',3442,13,'5146135546949357848396136497554435',345.00,'十月稻田 沁州黄小米 (黄小米 五谷杂粮 山西特产 真空装 大米伴侣 粥米搭档) 2.5kg等2件商品','1101','2020-04-24 19:06:10');

/*Table structure for table `sku_info` */

CREATE TABLE IF NOT EXISTS `sku_info` (
  `id` bigint(20) NOT NULL AUTO_INCREMENT COMMENT 'skuid(itemID)',
  `spu_id` bigint(20) DEFAULT NULL COMMENT 'spuid',
  `price` decimal(10,0) DEFAULT NULL COMMENT '价格',
  `sku_name` varchar(200) DEFAULT NULL COMMENT 'sku名称',
  `sku_desc` varchar(2000) DEFAULT NULL COMMENT '商品规格描述',
  `weight` decimal(10,2) DEFAULT NULL COMMENT '重量',
  `tm_id` bigint(20) DEFAULT NULL COMMENT '品牌(冗余)',
  `category3_id` bigint(20) DEFAULT NULL COMMENT '三级分类id（冗余)',
  `sku_default_img` varchar(200) DEFAULT NULL COMMENT '默认显示图片(冗余)',
  `create_time` datetime DEFAULT NULL COMMENT '创建时间',
  PRIMARY KEY (`id`)
) ENGINE=InnoDB AUTO_INCREMENT=17 DEFAULT CHARSET=utf8 COMMENT='库存单元表';

/*Data for the table `sku_info` */

insert  into `sku_info`(`id`,`spu_id`,`price`,`sku_name`,`sku_desc`,`weight`,`tm_id`,`category3_id`,`sku_default_img`,`create_time`) values 

(1,1,2220,'荣耀10青春版 幻彩渐变 2400万AI自拍 全网通版4GB+64GB 渐变蓝 移动联通电信4G全面屏手机 双卡双待','荣耀10青春版 幻彩渐变 2400万AI自拍 全网通版4GB+64GB 渐变蓝 移动联通电信4G全面屏手机 双卡双待',0.24,2,61,'http://AOvKmfRQEBRJJllwCwCuptVAOtBBcIjWeJRsmhbJ','2019-02-14 21:25:54'),

(2,2,3321,'TCL 55A950C 55英寸32核人工智能 HDR曲面超薄4K电视金属机身（枪色）','TCL 55A950C 55英寸32核人工智能 HDR曲面超薄4K电视金属机身（枪色）',15.24,4,86,'http://JfJSvAnPkErYPcUsbgCuokhjxKiLeqpDXakZqFeE','2019-02-14 21:25:54'),

(3,3,3100,'小米（MI）电视 55英寸曲面4K智能WiFi网络液晶电视机4S L55M5-AQ 小米电视4S 55英寸 曲面','小米（MI）电视 55英寸曲面4K智能WiFi网络液晶电视机4S L55M5-AQ 小米电视4S 55英寸 曲面',15.24,1,86,'http://LzpblavcZQeYEbwbSjsnmsgAjtpudhDradqsRgdZ','2019-02-14 21:25:54'),

(4,4,1442,'小米Play 流光渐变AI双摄 4GB+64GB 梦幻蓝 全网通4G 双卡双待 小水滴全面屏拍照游戏智能手机','小米Play 流光渐变AI双摄 4GB+64GB 梦幻蓝 全网通4G 双卡双待 小水滴全面屏拍照游戏智能手机',0.24,1,61,'http://SXlkutIjYpDWWTEpNUiisnlsevOHVElrdngQLgyZ','2019-02-14 21:25:54'),

(5,5,244,'十月稻田 沁州黄小米 (黄小米 五谷杂粮 山西特产 真空装 大米伴侣 粥米搭档) 2.5kg','十月稻田 沁州黄小米 (黄小米 五谷杂粮 山西特产 真空装 大米伴侣 粥米搭档) 2.5kg',2.50,5,803,'http://INNButKuTkslasORPBmHACnJuccfsxmRxNuMznPm','2019-02-14 21:25:54'),

(6,6,145,'北纯精制黄小米（小黄米 月子米 小米粥 粗粮杂粮 大米伴侣）2.18kg','北纯 精制 黄小米（小黄米 月子米 小米粥 粗粮杂粮 大米伴侣）2.18kg',2.20,5,803,'http://lMddjKYNSaxpeAqbkWcxegrrHjayrosVDeLrABhg','2019-02-14 21:25:54'),

(7,1,1553,'荣耀10青春版 幻彩渐变 2400万AI自拍 全网通版4GB+64GB 渐变蓝 移动联通电信4G全面屏手机 双卡双待','荣耀10青春版 幻彩渐变 2400万AI自拍 全网通版4GB+64GB 渐变蓝 移动联通电信4G全面屏手机 双卡双待',0.24,2,61,'http://IJwhvJSuwaMHaevQQKZUzLkOsvYFiYsRhmLSjpZb','2019-02-14 21:25:54'),

(8,7,8900,'Apple iPhoneXSMax (A2104) 256GB 深空灰色 移动联通电信4G手机 双卡双待','Apple iPhone XS Max (A2104) 256GB 深空灰色 移动联通电信4G手机 双卡双待',0.24,3,61,'http://RFCTOnWWRtrJdygmPqiUXdBvyhqiTTOnXYagFJDP','2019-02-14 21:25:54'),

(9,8,2452,'荣耀10 GT游戏加速 AIS手持夜景 6GB+64GB 幻影蓝全网通 移动联通电信','荣耀10 GT游戏加速 AIS手持夜景 6GB+64GB 幻影蓝全网通 移动联通电信',0.24,2,61,'http://hNuKrFXZgFIzzZxnYeCxEDdJlbAwHUCbBChdXAKZ','2019-02-14 21:25:54'),

(10,9,222,'小米（MI） 小米路由器4 双千兆路由器 无线家用穿墙1200M高速双频wifi 千兆版 千兆端口光纤适用','小米（MI） 小米路由器4 双千兆路由器 无线家用穿墙1200M高速双频wifi 千兆版 千兆端口光纤适用',1.24,1,329,'http://kAXllAQEzJWHwiExxVmyJIABfXyzbKwedeofMqwh','2019-02-14 21:25:54'),

(11,10,6399,'联想(Lenovo)拯救者Y7000 2019新款 15.6英寸游戏本笔记本电脑（i7-9750H 8GB 1TB+256GB GTX1650 4G独显 黑）','联想(Lenovo) 拯救者Y7000 2019新款 15.6英寸游戏本笔记本电脑（i7-9750H 8GB 1TB+256GB GTX1650 4G独显 黑）',4.25,6,285,'http://kAXllAQEzJWHwiExxVmyJIABfXyzbKwedeofMqwh','2020-02-27 11:21:13'),

(12,10,6699,'联想(Lenovo)拯救者Y7000 英特尔酷睿i7 2019新款 15.6英寸发烧游戏本笔记本电脑（i7-9750H 8GB 512GB SSD GTX1650 4G 高色域','联想(Lenovo) 拯救者Y7000 英特尔酷睿i7 2019新款 15.6英寸发烧游戏本笔记本电脑（i7-9750H 8GB 512GB SSD GTX1650 4G 高色域',4.25,6,285,'http://kAXllAQEzJWHwiExxVmyJIABfXyzbKwedeofMqwh','2020-02-27 11:21:13'),

(13,10,7299,'联想(Lenovo)Y9000X 2019新款 15.6英寸高性能标压轻薄本笔记本电脑(i5-9300H 16G 512GSSD FHD)深空灰','联想(Lenovo) Y9000X 2019新款 15.6英寸高性能标压轻薄本笔记本电脑(i5-9300H 16G 512GSSD FHD)深空灰',4.25,6,285,'http://kAXllAQEzJWHwiExxVmyJIABfXyzbKwedeofMqwh','2020-02-27 11:21:13'),

(14,11,496,'Dior迪奥口红唇膏送女友老婆礼物生日礼物 烈艳蓝金999+888两支装礼盒','【专柜正品】Dior迪奥口红唇膏送女友老婆礼物生日礼物 烈艳蓝金999+888两支装礼盒',0.01,7,477,'http://kAXllAQEzJWHwiExxVmyJIABfXyzbKwedeofMqwh','2020-02-27 11:21:13'),

(15,12,252,'迪奥（Dior）烈艳蓝金唇膏 口红 3.5g 999号 哑光-经典正红','迪奥（Dior）烈艳蓝金唇膏 口红 3.5g 999号 哑光-经典正红',0.00,7,477,'http://kAXllAQEzJWHwiExxVmyJIABfXyzbKwedeofMqwh','2020-02-27 11:21:13'),

(16,12,235,'迪奥（Dior）烈艳蓝金唇膏/口红 珊瑚粉 ACTRICE 028号 3.5g','迪奥（Dior）烈艳蓝金唇膏/口红 珊瑚粉 ACTRICE 028号 3.5g',0.00,7,477,'http://kAXllAQEzJWHwiExxVmyJIABfXyzbKwedeofMqwh','2020-02-27 11:21:13');

/*Table structure for table `spu_info` */

CREATE TABLE IF NOT EXISTS `spu_info` (
  `id` bigint(20) NOT NULL AUTO_INCREMENT COMMENT '商品id',
  `spu_name` varchar(200) DEFAULT NULL COMMENT '商品名称',
  `description` varchar(1000) DEFAULT NULL COMMENT '商品描述(后台简述）',
  `category3_id` bigint(20) DEFAULT NULL COMMENT '三级分类id',
  `tm_id` bigint(20) DEFAULT NULL COMMENT '品牌id',
  PRIMARY KEY (`id`)
) ENGINE=InnoDB AUTO_INCREMENT=13 DEFAULT CHARSET=utf8 COMMENT='商品表';

/*Data for the table `spu_info` */

insert  into `spu_info`(`id`,`spu_name`,`description`,`category3_id`,`tm_id`) values 

(1,'荣耀10青春版 幻彩渐变 ','共2个sku',61,2),

(2,'TCL 55A950C ','共1个sku',86,4),

(3,'小米（MI）电视 ','共1个sku',86,1),

(4,'小米Play 流光渐变AI双摄 ','共1个sku',61,1),

(5,'十月稻田 沁州黄小米 ','共1个sku',803,5),

(6,'北纯精制黄小米（小黄米 ','共1个sku',803,5),

(7,'Apple iPhoneXSMax ','共1个sku',61,3),

(8,'荣耀10 GT游戏加速 ','共1个sku',61,2),

(9,'小米（MI） 小米路由器4 ','共1个sku',329,1),

(10,'联想(Lenovo)拯救者Y7000 ','共3个sku',285,6),

(11,'Dior迪奥 口红唇膏 两支装礼盒','共1个sku',477,7),

(12,'迪奥（Dior）烈艳蓝金唇膏/口红','共2个sku',477,7);

/*Table structure for table `user_info` */

CREATE TABLE IF NOT EXISTS `user_info` (
  `id` bigint(20) NOT NULL AUTO_INCREMENT COMMENT '编号',
  `login_name` varchar(200) DEFAULT NULL COMMENT '用户名称',
  `nick_name` varchar(200) DEFAULT NULL COMMENT '用户昵称',
  `passwd` varchar(200) DEFAULT NULL COMMENT '用户密码',
  `name` varchar(200) DEFAULT NULL COMMENT '用户姓名',
  `phone_num` varchar(200) DEFAULT NULL COMMENT '手机号',
  `email` varchar(200) DEFAULT NULL COMMENT '邮箱',
  `head_img` varchar(200) DEFAULT NULL COMMENT '头像',
  `user_level` varchar(200) DEFAULT NULL COMMENT '用户级别',
  `birthday` date DEFAULT NULL COMMENT '用户生日',
  `gender` varchar(1) DEFAULT NULL COMMENT '性别 M男,F女',
  `create_time` datetime DEFAULT NULL COMMENT '创建时间',
  `operate_time` datetime DEFAULT NULL COMMENT '修改时间',
  PRIMARY KEY (`id`)
) ENGINE=InnoDB AUTO_INCREMENT=101 DEFAULT CHARSET=utf8 COMMENT='用户表';

/*Data for the table `user_info` */

insert  into `user_info`(`id`,`login_name`,`nick_name`,`passwd`,`name`,`phone_num`,`email`,`head_img`,`user_level`,`birthday`,`gender`,`create_time`,`operate_time`) values 

(1,'do3zo23upn','琴蕊',NULL,'毕琴蕊','13755344362','do3zo23upn@gmail.com',NULL,'3','1981-04-24','F','2020-04-24 19:06:09',NULL),

(2,'z1rshsgsa','冰爽',NULL,'毕冰爽','13884116113','z1rshsgsa@gmail.com',NULL,'1','1985-04-24','F','2020-04-24 19:06:09',NULL),

(3,'dlubc0zodnl','纨仪',NULL,'尤纨仪','13464495376','dlubc0zodnl@msn.com',NULL,'1','1985-04-24','F','2020-04-24 19:06:09',NULL),

(4,'ly7keeb3oma1','霭霭',NULL,'岑霭','13673892159','ly7keeb3oma1@3721.net',NULL,'2','1967-04-24','F','2020-04-24 19:06:09',NULL),

(5,'fy32h9','蓉蓉',NULL,'公孙蓉','13164435579','fy32h9@googlemail.com',NULL,'3','1994-04-24','F','2020-04-24 19:06:09',NULL),

(6,'4dz730namlus','岚艺',NULL,'成岚艺','13211699578','4dz730namlus@yeah.net',NULL,'1','1985-04-24','F','2020-04-24 19:06:09',NULL),

(7,'qgrh5nl24','阿梁',NULL,'袁梁','13631559399','qgrh5nl24@yeah.net',NULL,'3','1973-04-24','M','2020-04-24 19:06:09',NULL),

(8,'lz0g7ew','妍茜',NULL,'宇文妍茜','13932475221','lz0g7ew@sina.com',NULL,'1','1968-04-24','F','2020-04-24 19:06:09',NULL),

(9,'pocxuv2kwdig','珠珠',NULL,'司马珠','13869744826','pocxuv2kwdig@126.com',NULL,'1','1979-04-24','F','2020-04-24 19:06:09',NULL),

(10,'t2kimj615','凤洁',NULL,'公孙凤洁','13962744773','t2kimj615@126.com',NULL,'1','1993-04-24','F','2020-04-24 19:06:09',NULL),

(11,'bglbpirfw','欣欣',NULL,'成欣','13798597123','bglbpirfw@ask.com',NULL,'1','1970-04-24','F','2020-04-24 19:06:09',NULL),

(12,'0jowtsa1yxtr','馥馥',NULL,'百里馥','13732348879','0jowtsa1yxtr@yahoo.com',NULL,'1','2001-04-24','F','2020-04-24 19:06:09',NULL),

(13,'y88sbtduz3r','兰兰',NULL,'濮阳兰','13566926698','y88sbtduz3r@ask.com',NULL,'1','2002-04-24','F','2020-04-24 19:06:09',NULL),

(14,'ksifca3','爽琬',NULL,'黄爽琬','13346714454','ksifca3@sohu.com',NULL,'1','1970-04-24','F','2020-04-24 19:06:09',NULL),

(15,'js6cgz8h','倩倩',NULL,'范倩','13859481879','js6cgz8h@msn.com',NULL,'1','1998-04-24','F','2020-04-24 19:06:09',NULL),

(16,'hi3fvuba2bkh','菊兰',NULL,'金菊兰','13347168771','hi3fvuba2bkh@gmail.com',NULL,'1','1974-04-24','F','2020-04-24 19:06:09',NULL),

(17,'qknuh1gxr7','咏咏',NULL,'苏咏','13145265681','qknuh1gxr7@qq.com',NULL,'3','1971-04-24','F','2020-04-24 19:06:09',NULL),

(18,'nqnni4nrzo','凝凝',NULL,'戚凝','13753782468','nqnni4nrzo@163.com',NULL,'1','1986-04-24','F','2020-04-24 19:06:09',NULL),

(19,'g6bla7dd','阿平',NULL,'姜平','13144625554','g6bla7dd@live.com',NULL,'2','1976-04-24','M','2020-04-24 19:06:09',NULL),

(20,'pvnh1ulxhlq','仪仪',NULL,'顾仪','13865557561','pvnh1ulxhlq@yahoo.com.cn',NULL,'1','2003-04-24','F','2020-04-24 19:06:09',NULL),

(21,'l4so9t','阿元',NULL,'成元','13726839378','l4so9t@hotmail.com',NULL,'1','1984-04-24','M','2020-04-24 19:06:09',NULL),

(22,'ndexazhtojhm','阿行',NULL,'黄行','13952797491','ndexazhtojhm@263.net',NULL,'1','1973-04-24','M','2020-04-24 19:06:09',NULL),

(23,'q3l0r6zp','爱妹',NULL,'狄爱妹','13538874227','q3l0r6zp@ask.com',NULL,'1','1986-04-24','F','2020-04-24 19:06:09',NULL),

(24,'ses1cl52c','颖颖',NULL,'祁颖','13332374382','ses1cl52c@sohu.com',NULL,'1','1993-04-24','F','2020-04-24 19:06:09',NULL),

(25,'30jblo05e9','丽韶',NULL,'岑丽韶','13451951385','30jblo05e9@aol.com',NULL,'2','1990-04-24','F','2020-04-24 19:06:09',NULL),

(26,'ei3w7t6gut','岚艺',NULL,'南门岚艺','13984271858','ei3w7t6gut@msn.com',NULL,'2','1966-04-24','F','2020-04-24 19:06:09',NULL),

(27,'jkyjlxogn','宁欣',NULL,'郑宁欣','13357327829','jkyjlxogn@yahoo.com',NULL,'1','1992-04-24','F','2020-04-24 19:06:09',NULL),

(28,'h2sp5af8rs9','飘飘',NULL,'伏飘','13351743416','h2sp5af8rs9@163.com',NULL,'2','1968-04-24','F','2020-04-24 19:06:09',NULL),

(29,'72ezjti','贞贞',NULL,'贺贞','13462453361','72ezjti@ask.com',NULL,'1','2001-04-24','F','2020-04-24 19:06:09',NULL),

(30,'e4nkde4wohj','阿雄',NULL,'成雄','13948925387','e4nkde4wohj@qq.com',NULL,'1','1983-04-24','M','2020-04-24 19:06:09',NULL),

(31,'qygxsx','勤勤',NULL,'戚勤','13826769841','qygxsx@0355.net',NULL,'1','2002-04-24','F','2020-04-24 19:06:09',NULL),

(32,'q8idoqr7ds','士以',NULL,'华士以','13752466121','q8idoqr7ds@126.com',NULL,'1','1993-04-24','M','2020-04-24 19:06:09',NULL),

(33,'4cdifiuhut5','华华',NULL,'康华','13279945131','4cdifiuhut5@live.com',NULL,'1','1996-04-24','F','2020-04-24 19:06:09',NULL),

(34,'95tka20lqu','兰凤',NULL,'张兰凤','13342159197','95tka20lqu@yeah.net',NULL,'1','1969-04-24','F','2020-04-24 19:06:09',NULL),

(35,'julmqag2ff','韶韶',NULL,'平韶','13431897626','julmqag2ff@googlemail.com',NULL,'3','1968-04-24','F','2020-04-24 19:06:09',NULL),

(36,'ghi7omidtki','丽丽',NULL,'滕丽','13485931824','ghi7omidtki@ask.com',NULL,'1','1967-04-24','F','2020-04-24 19:06:09',NULL),

(37,'bwfmepfj','阿才',NULL,'单于才','13481253243','bwfmepfj@msn.com',NULL,'1','2003-04-24','M','2020-04-24 19:06:09',NULL),

(38,'cq7psw1310','惠惠',NULL,'魏惠','13514453391','cq7psw1310@hotmail.com',NULL,'1','1974-04-24','F','2020-04-24 19:06:09',NULL),

(39,'6bbdgpm','寒伊',NULL,'舒寒伊','13287285786','6bbdgpm@live.com',NULL,'2','1976-04-24','F','2020-04-24 19:06:09',NULL),

(40,'iu886yz','芬芳',NULL,'汤芬芳','13745396347','iu886yz@126.com',NULL,'1','1976-04-24','F','2020-04-24 19:06:09',NULL),

(41,'otg4eh','叶叶',NULL,'东郭叶','13833635912','otg4eh@3721.net',NULL,'1','1998-04-24','F','2020-04-24 19:06:09',NULL),

(42,'b5gkw9n','露瑶',NULL,'南宫露瑶','13155976858','b5gkw9n@msn.com',NULL,'2','1977-04-24','F','2020-04-24 19:06:09',NULL),

(43,'vszd9ljh331l','勤勤',NULL,'尉迟勤','13914223561','vszd9ljh331l@0355.net',NULL,'2','2003-04-24','F','2020-04-24 19:06:09',NULL),

(44,'koge9q4','洁洁',NULL,'乐洁','13693763725','koge9q4@163.com',NULL,'1','1966-04-24','F','2020-04-24 19:06:09',NULL),

(45,'eoreod','玉玉',NULL,'齐玉','13636963512','eoreod@163.com',NULL,'1','1979-04-24','F','2020-04-24 19:06:09',NULL),

(46,'2jra5c','琬琬',NULL,'严琬','13778829219','2jra5c@yeah.net',NULL,'1','1998-04-24','F','2020-04-24 19:06:09',NULL),

(47,'js6hav0c','霞霞',NULL,'欧阳霞','13142187494','js6hav0c@126.com',NULL,'1','1988-04-24','F','2020-04-24 19:06:09',NULL),

(48,'a1zd0b','航弘',NULL,'呼延航弘','13356268896','a1zd0b@263.net',NULL,'1','1982-04-24','M','2020-04-24 19:06:09',NULL),

(49,'a8n14bx3','咏卿',NULL,'范咏卿','13214575855','a8n14bx3@3721.net',NULL,'1','1988-04-24','F','2020-04-24 19:06:09',NULL),

(50,'ne4moi9gx','丽韶',NULL,'常丽韶','13973216777','ne4moi9gx@yahoo.com',NULL,'1','1990-04-24','F','2020-04-24 19:06:09',NULL),

(51,'i19zeo10z','蓉眉',NULL,'赵蓉眉','13172177318','i19zeo10z@qq.com',NULL,'1','1999-04-24','F','2020-04-24 19:06:09',NULL),

(52,'facg7cfd5','荣爱',NULL,'张荣爱','13789363236','facg7cfd5@0355.net',NULL,'1','1978-04-24','F','2020-04-24 19:06:09',NULL),

(53,'jogemc','巧美',NULL,'毛巧美','13273514297','jogemc@msn.com',NULL,'1','1998-04-24','F','2020-04-24 19:06:09',NULL),

(54,'mqtccq8z','春春',NULL,'贺春','13866651923','mqtccq8z@gmail.com',NULL,'1','1969-04-24','F','2020-04-24 19:06:09',NULL),

(55,'7snsavq3rka','艺艺',NULL,'轩辕艺','13677458837','7snsavq3rka@msn.com',NULL,'1','1990-04-24','F','2020-04-24 19:06:09',NULL),

(56,'dkd0mun','丹丹',NULL,'南宫丹','13392583114','dkd0mun@163.net',NULL,'3','1998-04-24','F','2020-04-24 19:06:09',NULL),

(57,'u87u0p','婷婷',NULL,'濮阳婷','13586769234','u87u0p@aol.com',NULL,'1','1987-04-24','F','2020-04-24 19:06:09',NULL),

(58,'o22p5y','云云',NULL,'康云','13535586646','o22p5y@sina.com',NULL,'1','1970-04-24','F','2020-04-24 19:06:09',NULL),

(59,'4hcy7dm8ik','阿谦',NULL,'俞谦','13369857354','4hcy7dm8ik@0355.net',NULL,'2','1980-04-24','M','2020-04-24 19:06:09',NULL),

(60,'2qm7tyo','艳瑞',NULL,'司空艳瑞','13113183648','2qm7tyo@sina.com',NULL,'1','1975-04-24','F','2020-04-24 19:06:09',NULL),

(61,'9on4mp','蓓纨',NULL,'冯蓓纨','13269649122','9on4mp@163.com',NULL,'1','1966-04-24','F','2020-04-24 19:06:09',NULL),

(62,'3eibsswd2v27','瑾瑾',NULL,'袁瑾','13335712382','3eibsswd2v27@yahoo.com',NULL,'1','1982-04-24','F','2020-04-24 19:06:09',NULL),

(63,'kyy212q8e1w','洁洁',NULL,'韩洁','13714198771','kyy212q8e1w@yahoo.com.cn',NULL,'3','1974-04-24','F','2020-04-24 19:06:09',NULL),

(64,'80q1v5d','艺艺',NULL,'司空艺','13126346225','80q1v5d@3721.net',NULL,'1','1986-04-24','F','2020-04-24 19:06:09',NULL),

(65,'o72vg97gso0','风航',NULL,'窦风航','13161775218','o72vg97gso0@yahoo.com.cn',NULL,'1','1985-04-24','M','2020-04-24 19:06:09',NULL),

(66,'ncxi3ozylrw','璧璧',NULL,'黄璧','13325143928','ncxi3ozylrw@yahoo.com',NULL,'2','1976-04-24','F','2020-04-24 19:06:09',NULL),

(67,'1e14e8s05','荷丹',NULL,'茅荷丹','13696724873','1e14e8s05@aol.com',NULL,'2','1984-04-24','F','2020-04-24 19:06:09',NULL),

(68,'opze9b4frt','淑惠',NULL,'马淑惠','13326346913','opze9b4frt@sina.com',NULL,'2','2005-04-24','F','2020-04-24 19:06:09',NULL),

(69,'56r9ag4tz','菁菁',NULL,'郝菁','13938588233','56r9ag4tz@sina.com',NULL,'1','1998-04-24','F','2020-04-24 19:06:09',NULL),

(70,'93mqmz154k','悦昭',NULL,'史悦昭','13234324679','93mqmz154k@msn.com',NULL,'1','1965-04-24','F','2020-04-24 19:06:09',NULL),

(71,'157mmr6p8mz','滢馥',NULL,'宋滢馥','13222398497','157mmr6p8mz@0355.net',NULL,'2','2003-04-24','F','2020-04-24 19:06:09',NULL),

(72,'at3yj50poh0','春菊',NULL,'费春菊','13766578235','at3yj50poh0@163.net',NULL,'3','1981-04-24','F','2020-04-24 19:06:09',NULL),

(73,'zeb015vx','可姬',NULL,'汪可姬','13674592378','zeb015vx@aol.com',NULL,'2','1988-04-24','F','2020-04-24 19:06:09',NULL),

(74,'i91p94y1','凤凤',NULL,'金凤','13521316971','i91p94y1@ask.com',NULL,'3','1983-04-24','F','2020-04-24 19:06:09',NULL),

(75,'gjahnpp6','贞贞',NULL,'轩辕贞','13139755788','gjahnpp6@ask.com',NULL,'1','1973-04-24','F','2020-04-24 19:06:09',NULL),

(76,'ko96mzrtj','荔枝',NULL,'呼延荔枝','13213655245','ko96mzrtj@yahoo.com',NULL,'1','1983-04-24','F','2020-04-24 19:06:09',NULL),

(77,'4hudqhvw8','宜可',NULL,'魏宜可','13677433357','4hudqhvw8@3721.net',NULL,'1','2001-04-24','F','2020-04-24 19:06:09',NULL),

(78,'779hdp9yyga','娟娟',NULL,'穆娟','13292621634','779hdp9yyga@126.com',NULL,'1','1968-04-24','F','2020-04-24 19:06:09',NULL),

(79,'wbnr0ufn6','枝枝',NULL,'施枝','13678218266','wbnr0ufn6@ask.com',NULL,'1','1995-04-24','F','2020-04-24 19:06:09',NULL),

(80,'tcq1xpdu','君琴',NULL,'单于君琴','13821756921','tcq1xpdu@ask.com',NULL,'1','1974-04-24','F','2020-04-24 19:06:09',NULL),

(81,'gj82pzk4r','可可',NULL,'东方可','13261591339','gj82pzk4r@googlemail.com',NULL,'1','1965-04-24','F','2020-04-24 19:06:09',NULL),

(82,'rce8fe','馨馨',NULL,'纪馨','13655327327','rce8fe@3721.net',NULL,'1','1982-04-24','F','2020-04-24 19:06:09',NULL),

(83,'ukdjrul8r3','冰冰',NULL,'孙冰','13142379656','ukdjrul8r3@yahoo.com.cn',NULL,'1','2002-04-24','F','2020-04-24 19:06:09',NULL),

(84,'zt0skede31aq','茜茜',NULL,'柳茜','13583883398','zt0skede31aq@sohu.com',NULL,'2','1977-04-24','F','2020-04-24 19:06:09',NULL),

(85,'njbpvezg','阿会',NULL,'许会','13216983424','njbpvezg@126.com',NULL,'1','1976-04-24','M','2020-04-24 19:06:09',NULL),

(86,'0d8wshtxrfx2','芬芬',NULL,'韦芬','13824218328','0d8wshtxrfx2@126.com',NULL,'1','1999-04-24','F','2020-04-24 19:06:09',NULL),

(87,'e226rcve4s','霞霞',NULL,'郑霞','13373425166','e226rcve4s@gmail.com',NULL,'2','1989-04-24','F','2020-04-24 19:06:09',NULL),

(88,'nh95ac','勇毅',NULL,'杨勇毅','13924581992','nh95ac@googlemail.com',NULL,'1','1978-04-24','M','2020-04-24 19:06:09',NULL),

(89,'j3kkvgyej','艺咏',NULL,'濮阳艺咏','13732148121','j3kkvgyej@msn.com',NULL,'3','1966-04-24','F','2020-04-24 19:06:09',NULL),

(90,'3qypvbz','莉莉',NULL,'魏莉','13934358475','3qypvbz@hotmail.com',NULL,'3','1991-04-24','F','2020-04-24 19:06:09',NULL),

(91,'eanu1mlbs','河哲',NULL,'严河哲','13121639112','eanu1mlbs@aol.com',NULL,'3','2003-04-24','M','2020-04-24 19:06:09',NULL),

(92,'mjg1tw','珍珍',NULL,'孟珍','13493457191','mjg1tw@yeah.net',NULL,'1','1965-04-24','F','2020-04-24 19:06:09',NULL),

(93,'yyue0q0090u2','枝思',NULL,'鲁枝思','13946117112','yyue0q0090u2@hotmail.com',NULL,'3','1988-04-24','F','2020-04-24 19:06:09',NULL),

(94,'qsrl6pkw','强军',NULL,'任强军','13942863368','qsrl6pkw@aol.com',NULL,'1','1994-04-24','M','2020-04-24 19:06:09',NULL),

(95,'9cu84rqsv','阿伯',NULL,'和伯','13594979299','9cu84rqsv@yahoo.com',NULL,'1','1986-04-24','M','2020-04-24 19:06:09',NULL),

(96,'lbahkb','凡凡',NULL,'滕凡','13371717865','lbahkb@gmail.com',NULL,'1','1966-04-24','F','2020-04-24 19:06:09',NULL),

(97,'xbj9ucdk1','阿有',NULL,'秦有','13764819522','xbj9ucdk1@googlemail.com',NULL,'1','1983-04-24','M','2020-04-24 19:06:09',NULL),

(98,'3eo53dyak','达安',NULL,'尤达安','13417575382','3eo53dyak@yahoo.com.cn',NULL,'1','1998-04-24','M','2020-04-24 19:06:09',NULL),

(99,'6xemk77bo2v','贞莉',NULL,'平贞莉','13269734837','6xemk77bo2v@sina.com',NULL,'1','1970-04-24','F','2020-04-24 19:06:09',NULL),

(100,'vrjrmsst','毓悦',NULL,'淳于毓悦','13218739331','vrjrmsst@yahoo.com.cn',NULL,'1','1967-04-24','F','2020-04-24 19:06:09',NULL);

/*Table structure for table `z_user_info` */

CREATE TABLE IF NOT EXISTS `z_user_info` (
  `id` bigint(20) NOT NULL AUTO_INCREMENT,
  `user_name` varchar(20) DEFAULT NULL,
  `tel` varchar(20) DEFAULT NULL,
  PRIMARY KEY (`id`)
) ENGINE=InnoDB AUTO_INCREMENT=45 DEFAULT CHARSET=utf8;

/*Data for the table `z_user_info` */

insert  into `z_user_info`(`id`,`user_name`,`tel`) values 

(3,'zhang322','13810001010'),

(4,'zhang322','77777777777'),

(5,'zhang322','13810001010'),

(6,'zhang322','13810001010'),

(7,'zhang322','13810001010'),

(8,'zhang322','13810001010'),

(11,'zhang3','13810001010'),

(12,'zhang3','13810001010'),

(14,'zhang3','13810001010'),

(15,'zhang3','13810001010'),

(16,'zhang3','13810001010'),

(17,'zhang3','13810001010'),

(18,'zhang3','13810001010'),

(19,'zhang3','13810001010'),

(22,'zhang3','13810001010'),

(23,'zhang3','13810001010'),

(24,'zhang3','13810001010'),

(26,'zhang3','13810001010'),

(27,'zhang3','13810001010'),

(40,'zhang3','13810001010'),

(41,'li4','1389999999'),

(43,'zhang3','13810001010'),

(44,'li4','1389999999');

/* Function  structure for function  `rand_num` */

DELIMITER $$

/*!50003 CREATE DEFINER=`root`@`%` FUNCTION `rand_num`(from_num INT ,to_num INT) RETURNS int(11)
BEGIN   
 DECLARE i INT DEFAULT 0;  
 SET i = FLOOR(from_num +RAND()*(to_num -from_num+1))   ;
RETURN i;  
 END */$$
DELIMITER ;

/* Function  structure for function  `rand_nums` */

DELIMITER $$

/*!50003 CREATE DEFINER=`root`@`%` FUNCTION `rand_nums`(from_num INT ,to_num INT,n INT ,delemit VARCHAR(20)) RETURNS varchar(255) CHARSET utf8
BEGIN   
 DECLARE i INT DEFAULT 0;  
 DECLARE v INT DEFAULT 0;
 DECLARE return_str VARCHAR(255) DEFAULT '';  
 WHILE i < n DO 
	 SET v = rand_num (from_num   ,to_num  ) ;
	 SET return_str=CONCAT(return_str,v);
	 IF LENGTH(return_str)>0 THEN 
	   SET return_str=CONCAT(return_str,delemit) ;
	 END IF;
	 SET i = i + 1;
END WHILE;
 RETURN return_str;
END */$$
DELIMITER ;

/* Function  structure for function  `rand_num_seed` */

DELIMITER $$

/*!50003 CREATE DEFINER=`root`@`%` FUNCTION `rand_num_seed`(from_num INT ,to_num INT,seed LONG ) RETURNS int(11)
BEGIN   
 DECLARE i INT DEFAULT 0;  
 SET i = FLOOR(from_num +RAND(seed+UNIX_TIMESTAMP(NOW()))*(to_num -from_num+1))   ;
RETURN i;  
 END */$$
DELIMITER ;

/* Function  structure for function  `rand_string` */

DELIMITER $$

/*!50003 CREATE DEFINER=`root`@`%` FUNCTION `rand_string`(n INT) RETURNS varchar(255) CHARSET utf8
BEGIN    
DECLARE chars_str VARCHAR(100) DEFAULT 'abcdefghijklmnopqrstuvwxyzABCDEFJHIJKLMNOPQRSTUVWXYZ';
 DECLARE return_str VARCHAR(255) DEFAULT '';
 DECLARE i INT DEFAULT 0;
 WHILE i < n DO  
 SET return_str =CONCAT(return_str,SUBSTRING(chars_str,FLOOR(1+RAND()*52),1));  
 SET i = i + 1;
 END WHILE;
 RETURN return_str;
END */$$
DELIMITER ;

/* Procedure structure for procedure `init_data` */

DELIMITER $$

/*!50003 CREATE DEFINER=`root`@`%` PROCEDURE `init_data`( do_date_string VARCHAR(20) ,order_incr_num INT,user_incr_num INT   ,if_truncate BOOLEAN  )
BEGIN  
     DECLARE user_count INT DEFAULT 0; 
     DECLARE sku_count INT DEFAULT 0; 
     DECLARE do_date VARCHAR(20) DEFAULT do_date_string;
     IF if_truncate  THEN 
        DELETE FROM    order_info ;
        DELETE FROM    order_detail ;
        DELETE FROM     payment_info ;
        DELETE FROM   order_status_log      ;
     END IF ;     
     IF user_incr_num >0 THEN
          CALL insert_user(do_date,user_incr_num,FALSE );
     END IF;
     SELECT COUNT(*) INTO user_count FROM  user_info;
     CALL update_order(do_date);
     CALL insert_order(do_date,order_incr_num,user_count);
     CALL insert_payment(do_date);
     CALL insert_order_status_log(do_date);
 END */$$
DELIMITER ;

/* Procedure structure for procedure `init_spu` */

DELIMITER $$

/*!50003 CREATE DEFINER=`root`@`%` PROCEDURE `init_spu`()
BEGIN  
TRUNCATE TABLE  spu_info;
INSERT INTO  spu_info ( spu_name,description,category3_id,tm_id)
SELECT  SUBSTR(sku_name,1,LOCATE(' ' , sku_name,9) ),concat('共',ct,'个sku') description ,category3_id,tm_id  FROM 
(
SELECT spu_id ,  MAX(sku_name) sku_name,count(*) ct, MAX( category3_id) category3_id,MAX(tm_id) tm_id FROM sku_info
GROUP BY spu_id
)bb ;
END */$$
DELIMITER ;

/* Procedure structure for procedure `insert_data_info` */

DELIMITER $$

/*!50003 CREATE DEFINER=`root`@`%` PROCEDURE `insert_data_info`( year_id  INT  )
BEGIN  
DECLARE cur_date DATETIME DEFAULT NULL;
DECLARE start_date DATETIME DEFAULT NULL;
DECLARE end_date DATETIME DEFAULT NULL;
    SET start_date =  STR_TO_DATE( CONCAT(year_id,'0101' ) ,'%Y%m%d');  
    SET cur_date=start_date;
    SET end_date =  STR_TO_DATE( CONCAT(year_id,'1231' ) ,'%Y%m%d'); 
    delete from  date_info   where  `year`=year_id;
    WHILE end_date>=cur_date  DO
        INSERT INTO date_info
        VALUES (  CONVERT( DATE_FORMAT(cur_date,'%Y%m%d') , SIGNED  ),
                  WEEKOFYEAR(cur_date),
                  dayofweek(cur_date),  
                  CONVERT( DATE_FORMAT( cur_date,'%d'), SIGNED  ),
                  CONVERT(DATE_FORMAT( cur_date,'%m'), SIGNED  ),
                  QUARTER(cur_date),
                   CONVERT(DATE_FORMAT( cur_date,'%Y'), SIGNED  ),
                  if(DAYOFWEEK(cur_date)=6 or DAYOFWEEK(cur_date) = 7 , 1,0),
                  0);
         SET cur_date= ADDDATE(cur_date,1);
    END WHILE;
    COMMIT;
    CALL `update_holiday`(  year_id);
 END */$$
DELIMITER ;

/* Procedure structure for procedure `insert_order` */

DELIMITER $$

/*!50003 CREATE DEFINER=`root`@`%` PROCEDURE `insert_order`( create_time_string VARCHAR(200),max_num INT,user_num INT   )
BEGIN  
 DECLARE v_create_time DATETIME DEFAULT NULL;
  DECLARE i INT DEFAULT 0;
  DECLARE v_order_status INT DEFAULT 0;  
  DECLARE v_operate_time DATETIME DEFAULT NULL; 
  DECLARE v_order_id INT DEFAULT NULL; 
  DECLARE v_order_detail_num INT DEFAULT NULL; 
  DECLARE j INT DEFAULT 0;
  Declare v_province int DEFAULT 0;
  DECLARE v_skuid VARCHAR(20) DEFAULT NULL;
  DECLARE v_skuname VARCHAR(20) DEFAULT NULL;
 SET autocommit = 0;    
 REPEAT  
 SET i = i + 1;  
 SET v_create_time=DATE_ADD(DATE_FORMAT(create_time_string,'%Y-%m-%d') ,INTERVAL rand_num(30,3600*23) SECOND);
 set v_province=  rand_num(1,9);
  SET v_order_status=rand_num(1,2);  
  IF v_order_status>1 THEN 
     SET v_operate_time= DATE_ADD(v_create_time ,INTERVAL rand_num(30,3600) SECOND);
   ELSE 
     SET v_operate_time=NULL  ;
   END IF ;
 INSERT INTO order_info (consignee, consignee_tel,total_amount ,order_status ,user_id,payment_way,delivery_address,order_comment,out_trade_no,trade_body,create_time,operate_time,expire_time, tracking_no,parent_order_id ,img_url, province_id) 
 VALUES (rand_string(6) , CONCAT('13',rand_nums(0,9,9,'')),CAST(rand_num(50,1000) AS DECIMAL(10,2)) ,v_order_status ,rand_num(1,user_num), rand_num(1,2),rand_string(20),rand_string(20),rand_nums(0,9,10,''),'',v_create_time, v_operate_time,NULL,NULL,NULL,NULL ,v_province); 
  SELECT  LAST_INSERT_ID() INTO v_order_id ;
     SET v_order_detail_num=rand_num(1,5); 
    WHILE j<v_order_detail_num DO
       SET j=j+1;
       SET v_skuid= rand_num(1,11) ;
       INSERT INTO  order_detail  (order_id , sku_id,sku_name ,img_url ,order_price,sku_num,create_time ) 
       select v_order_id ,id,sku_name,CONCAT('http://',rand_string(40)),price,rand_num(1,5) ,v_create_time  from sku_info where id=v_skuid;
    END WHILE;
    SET j=0;
 UNTIL i = max_num  
 END REPEAT;  
 COMMIT;  
 END */$$
DELIMITER ;

/* Procedure structure for procedure `insert_order_status_log` */

DELIMITER $$

/*!50003 CREATE DEFINER=`root`@`%` PROCEDURE `insert_order_status_log`( do_date_str VARCHAR(200)   )
BEGIN      
 INSERT INTO order_status_log ( order_id ,order_status , operate_time  ) 
  SELECT   id ,1 , o.create_time   
  FROM order_info  o 
  WHERE  DATE_FORMAT(o.create_time,'%Y-%m-%d')= do_date_str; 
  
   INSERT INTO order_status_log ( order_id ,order_status , operate_time  ) 
  SELECT   id ,order_status ,  o.operate_time
  FROM order_info  o 
  WHERE    DATE_FORMAT(o.operate_time,'%Y-%m-%d')= do_date_str  ;   
  
  COMMIT;
 END */$$
DELIMITER ;

/* Procedure structure for procedure `insert_payment` */

DELIMITER $$

/*!50003 CREATE DEFINER=`root`@`%` PROCEDURE `insert_payment`( do_date_str VARCHAR(200)   )
BEGIN      
 INSERT INTO payment_info (out_trade_no,order_id,user_id,alipay_trade_no,total_amount,`subject`,payment_type,payment_time  ) 
  SELECT o.out_trade_no,o.id,user_id,
   CONCAT( rand_string(4),'-',rand_nums(0,9,8,'')) alipay_trade_no,
   o.total_amount,
   rand_string(8) `subject`,
  ( CASE rand_num(1,3) WHEN 1 THEN  'wechatpay' WHEN 2 THEN 'alipay' WHEN 3 THEN 'unionpay' END) payment_type , 
  IF(o.operate_time IS NULL,o.create_time,o.operate_time) payment_time
  FROM order_info  o 
  WHERE (DATE_FORMAT(o.create_time,'%Y-%m-%d')= do_date_str OR DATE_FORMAT(o.operate_time,'%Y-%m-%d')= do_date_str ) AND o.order_status='2';
  COMMIT;
 END */$$
DELIMITER ;

/* Procedure structure for procedure `insert_sku` */

DELIMITER $$

/*!50003 CREATE DEFINER=`root`@`%` PROCEDURE `insert_sku`( create_time_string VARCHAR(200),max_num INT  )
BEGIN  
 DECLARE v_create_time DATETIME DEFAULT NULL;
 DECLARE i INT DEFAULT 0;
 SET autocommit = 0;    
 REPEAT  
 SET i = i + 1;  
 SET v_create_time=DATE_ADD(DATE_FORMAT(create_time_string,'%Y-%m-%d') ,INTERVAL rand_num(1,3600*24) SECOND); 
 INSERT INTO sku_info (spu_id,price,sku_name,sku_desc,weight,tm_id,category3_id,sku_default_img,create_time  ) 
 VALUES (rand_num(1,1000) ,rand_num(10,5000) , rand_string(20), rand_string(30),CAST(rand_num(50,500) AS DECIMAL(10,2))/100.0  ,rand_num(1,100),  rand_num(1,5000),CONCAT('http://',rand_string(40)), v_create_time    ); 
 UNTIL i = max_num  
 END REPEAT;  
 COMMIT;  
 END */$$
DELIMITER ;

/* Procedure structure for procedure `insert_user` */

DELIMITER $$

/*!50003 CREATE DEFINER=`root`@`%` PROCEDURE `insert_user`( create_time_string VARCHAR(200),max_num INT,if_truncate boolean  )
BEGIN  
 DECLARE v_create_time DATETIME DEFAULT NULL;
 DECLARE i INT DEFAULT 0;
 DECLARE v_birthday DATE DEFAULT now();
 DECLARE v_gender VARCHAR(1) DEFAULT NULL;
 SET autocommit = 0;    
 IF   if_truncate THEN  
   TRUNCATE user_info;
 END IF; 
 
 REPEAT  
   SET i  = i + 1;  
   SET v_create_time=DATE_ADD(DATE_FORMAT(create_time_string,'%Y-%m-%d') ,INTERVAL rand_num(1,3600*24) SECOND); 
   SET v_birthday=DATE_ADD(DATE_FORMAT('1960-01-01','%Y-%m-%d') ,INTERVAL rand_num(1,365*50) DAY); 
   SET v_gender=IF(rand_num(0,1)=0,'M','F');
 INSERT INTO user_info (login_name,nick_name,passwd,NAME,phone_num,email,head_img,user_level,birthday,gender,create_time  ) 
 VALUES (rand_string(20) ,rand_string(20) , CONCAT('pwd',rand_string(20)), rand_string(30), CONCAT('13',rand_nums(0,9,9,''))    ,CONCAT(rand_string(8),'@',rand_string(3),'.com') ,  CONCAT('http://',rand_string(40)), rand_num(1,5),v_birthday,v_gender,v_create_time    ); 
 UNTIL i = max_num  
 END REPEAT; 
 COMMIT;  
 END */$$
DELIMITER ;

/* Procedure structure for procedure `update_holiday` */

DELIMITER $$

/*!50003 CREATE DEFINER=`root`@`%` PROCEDURE `update_holiday`( year_id  INT  )
BEGIN    
update `date_info` di  
 LEFT JOIN  `holiday_year` hy ON di.`year`=year_id and  hy.year_id=di.`year` AND  di.`date_id`>=hy.`start_date_id` AND di.`date_id`<=hy.`end_date_id`
set   di.holiday_id=  ifnull( hy.`holiday_id`,0);
 COMMIT;
 END */$$
DELIMITER ;

/* Procedure structure for procedure `update_order` */

DELIMITER $$

/*!50003 CREATE DEFINER=`root`@`%` PROCEDURE `update_order`(operate_time_string VARCHAR(20))
BEGIN 
  DECLARE v_operate_time DATETIME DEFAULT NULL; 
 SET v_operate_time=DATE_FORMAT(operate_time_string,'%Y-%m-%d');
UPDATE order_info o SET   o.`order_status`=o.`order_status`+rand_num_seed(0,1,o.id) ,operate_time= IF( rand_num_seed(0,1,o.id) >0 , DATE_ADD(v_operate_time ,INTERVAL rand_num(30,20*3600) SECOND),operate_time)
WHERE o.`order_status`<5;
END */$$
DELIMITER ;

/* Procedure structure for procedure `update_user` */

DELIMITER $$

/*!50003 CREATE DEFINER=`root`@`%` PROCEDURE `update_user`()
BEGIN 
UPDATE user_info u SET   u.`user_level`=u.`user_level`+rand_num(0,1) ,gender= IF( rand_num(0,1) >0 , if(rand_num(0,1) =0,'F','M'), gender);
END */$$
DELIMITER ;

/*Table structure for table `v_activity_info` */

DROP TABLE IF EXISTS `v_activity_info`;

/*!50001 CREATE TABLE IF NOT EXISTS  `v_activity_info`(
 `id` bigint(20) ,
 `activity_name` varchar(200) ,
 `activity_type` varchar(10) ,
 `activity_desc` varchar(2000) ,
 `start_time` datetime ,
 `end_time` datetime ,
 `create_time` datetime 
)*/;

/*Table structure for table `v_activity_order` */

DROP TABLE IF EXISTS `v_activity_order`;

/*!50001 CREATE TABLE IF NOT EXISTS  `v_activity_order`(
 `id` bigint(20) ,
 `activity_id` bigint(20) ,
 `order_id` bigint(20) ,
 `create_time` datetime 
)*/;

/*Table structure for table `v_unpaid_orders` */

DROP TABLE IF EXISTS `v_unpaid_orders`;

/*!50001 CREATE TABLE IF NOT EXISTS  `v_unpaid_orders`(
 `id` bigint(20) ,
 `consignee` varchar(100) ,
 `consignee_tel` varchar(20) ,
 `final_total_amount` decimal(16,2) ,
 `order_status` varchar(20) ,
 `user_id` bigint(20) ,
 `delivery_address` varchar(1000) ,
 `order_comment` varchar(200) ,
 `out_trade_no` varchar(50) ,
 `trade_body` varchar(200) ,
 `create_time` datetime ,
 `operate_time` datetime ,
 `expire_time` datetime ,
 `tracking_no` varchar(100) ,
 `parent_order_id` bigint(20) ,
 `img_url` varchar(200) ,
 `province_id` int(20) ,
 `benefit_reduce_amount` decimal(16,2) ,
 `original_total_amount` decimal(16,2) ,
 `feight_fee` decimal(16,2) 
)*/;

/*View structure for view v_activity_info */

/*!50001 DROP TABLE IF EXISTS `v_activity_info` */;
/*!50001 CREATE ALGORITHM=UNDEFINED DEFINER=`root`@`%` SQL SECURITY DEFINER VIEW `v_activity_info` AS select `activity_info`.`id` AS `id`,`activity_info`.`activity_name` AS `activity_name`,`activity_info`.`activity_type` AS `activity_type`,`activity_info`.`activity_desc` AS `activity_desc`,`activity_info`.`start_time` AS `start_time`,`activity_info`.`end_time` AS `end_time`,`activity_info`.`create_time` AS `create_time` from `activity_info` */;

/*View structure for view v_activity_order */

/*!50001 DROP TABLE IF EXISTS `v_activity_order` */;
/*!50001 CREATE ALGORITHM=UNDEFINED DEFINER=`root`@`%` SQL SECURITY DEFINER VIEW `v_activity_order` AS select `activity_order`.`id` AS `id`,`activity_order`.`activity_id` AS `activity_id`,`activity_order`.`order_id` AS `order_id`,`activity_order`.`create_time` AS `create_time` from `activity_order` */;

/*View structure for view v_unpaid_orders */

/*!50001 DROP TABLE IF EXISTS `v_unpaid_orders` */;
/*!50001 CREATE ALGORITHM=UNDEFINED DEFINER=`root`@`%` SQL SECURITY DEFINER VIEW `v_unpaid_orders` AS select `order_info`.`id` AS `id`,`order_info`.`consignee` AS `consignee`,`order_info`.`consignee_tel` AS `consignee_tel`,`order_info`.`final_total_amount` AS `final_total_amount`,`order_info`.`order_status` AS `order_status`,`order_info`.`user_id` AS `user_id`,`order_info`.`delivery_address` AS `delivery_address`,`order_info`.`order_comment` AS `order_comment`,`order_info`.`out_trade_no` AS `out_trade_no`,`order_info`.`trade_body` AS `trade_body`,`order_info`.`create_time` AS `create_time`,`order_info`.`operate_time` AS `operate_time`,`order_info`.`expire_time` AS `expire_time`,`order_info`.`tracking_no` AS `tracking_no`,`order_info`.`parent_order_id` AS `parent_order_id`,`order_info`.`img_url` AS `img_url`,`order_info`.`province_id` AS `province_id`,`order_info`.`benefit_reduce_amount` AS `benefit_reduce_amount`,`order_info`.`original_total_amount` AS `original_total_amount`,`order_info`.`feight_fee` AS `feight_fee` from `order_info` where (`order_info`.`order_status` = '1001') */;

/*!40101 SET SQL_MODE=@OLD_SQL_MODE */;
/*!40014 SET UNIQUE_CHECKS=@OLD_UNIQUE_CHECKS */;
/*!40111 SET SQL_NOTES=@OLD_SQL_NOTES */;
